,country,year,population,continent,life_exp,gdp_cap,diffrence_from_mean
0,Afghanistan,1952,8425333,Asia,28.801,779.4453145,-30.673439366197176
1,Afghanistan,1957,9240934,Asia,30.332,820.8530296,-29.142439366197173
2,Afghanistan,1962,10267083,Asia,31.997,853.10071,-27.477439366197174
3,Afghanistan,1967,11537966,Asia,34.02,836.1971382,-25.45443936619717
4,Afghanistan,1972,13079460,Asia,36.088,739.9811058,-23.386439366197173
5,Afghanistan,1977,14880372,Asia,38.438,786.11336,-21.036439366197172
6,Afghanistan,1982,12881816,Asia,39.854,978.0114388,-19.620439366197175
7,Afghanistan,1987,13867957,Asia,40.822,852.3959448,-18.65243936619717
8,Afghanistan,1992,16317921,Asia,41.674,649.3413952,-17.800439366197175
9,Afghanistan,1997,22227415,Asia,41.763,635.341351,-17.711439366197176
10,Afghanistan,2002,25268405,Asia,42.129,726.7340548,-17.345439366197176
11,Afghanistan,2007,31889923,Asia,43.828,974.5803384,-15.646439366197171
12,Albania,1952,1282697,Europe,55.23,1601.056136,-4.244439366197177
13,Albania,1957,1476505,Europe,59.28,1942.284244,-0.19443936619717306
14,Albania,1962,1728137,Europe,64.82,2312.888958,5.345560633802819
15,Albania,1967,1984060,Europe,66.22,2760.196931,6.745560633802825
16,Albania,1972,2263554,Europe,67.69,3313.422188,8.215560633802824
17,Albania,1977,2509048,Europe,68.93,3533.00391,9.455560633802833
18,Albania,1982,2780097,Europe,70.42,3630.880722,10.945560633802828
19,Albania,1987,3075321,Europe,72.0,3738.932735,12.525560633802826
20,Albania,1992,3326498,Europe,71.581,2497.437901,12.106560633802829
21,Albania,1997,3428038,Europe,72.95,3193.054604,13.475560633802829
22,Albania,2002,3508512,Europe,75.651,4604.211737,16.176560633802822
23,Albania,2007,3600523,Europe,76.423,5937.029526,16.948560633802828
24,Algeria,1952,9279525,Africa,43.077,2449.008185,-16.397439366197176
25,Algeria,1957,10270856,Africa,45.685,3013.976023,-13.789439366197172
26,Algeria,1962,11000948,Africa,48.303,2550.81688,-11.171439366197177
27,Algeria,1967,12760499,Africa,51.407,3246.991771,-8.067439366197178
28,Algeria,1972,14760787,Africa,54.518,4182.663766,-4.9564393661971735
29,Algeria,1977,17152804,Africa,58.014,4910.416756,-1.4604393661971713
30,Algeria,1982,20033753,Africa,61.368,5745.160213,1.893560633802828
31,Algeria,1987,23254956,Africa,65.799,5681.358539,6.324560633802832
32,Algeria,1992,26298373,Africa,67.744,5023.216647,8.269560633802826
33,Algeria,1997,29072015,Africa,69.152,4797.295051,9.677560633802827
34,Algeria,2002,31287142,Africa,70.994,5288.040382,11.519560633802826
35,Algeria,2007,33333216,Africa,72.301,6223.367465,12.826560633802828
36,Angola,1952,4232095,Africa,30.015,3520.610273,-29.459439366197174
37,Angola,1957,4561361,Africa,31.999,3827.940465,-27.475439366197175
38,Angola,1962,4826015,Africa,34.0,4269.276742,-25.474439366197174
39,Angola,1967,5247469,Africa,35.985,5522.776375,-23.489439366197175
40,Angola,1972,5894858,Africa,37.928,5473.288005,-21.546439366197177
41,Angola,1977,6162675,Africa,39.483,3008.647355,-19.991439366197177
42,Angola,1982,7016384,Africa,39.942,2756.953672,-19.532439366197174
43,Angola,1987,7874230,Africa,39.906,2430.208311,-19.568439366197175
44,Angola,1992,8735988,Africa,40.647,2627.845685,-18.827439366197176
45,Angola,1997,9875024,Africa,40.963,2277.140884,-18.511439366197173
46,Angola,2002,10866106,Africa,41.003,2773.287312,-18.471439366197174
47,Angola,2007,12420476,Africa,42.731,4797.231267,-16.743439366197173
48,Argentina,1952,17876956,Americas,62.485,5911.315053,3.0105606338028252
49,Argentina,1957,19610538,Americas,64.399,6856.856212,4.924560633802827
50,Argentina,1962,21283783,Americas,65.142,7133.166023,5.667560633802822
51,Argentina,1967,22934225,Americas,65.634,8052.953021,6.159560633802826
52,Argentina,1972,24779799,Americas,67.065,9443.038526,7.5905606338028235
53,Argentina,1977,26983828,Americas,68.481,10079.02674,9.00656063380282
54,Argentina,1982,29341374,Americas,69.942,8997.897412,10.467560633802819
55,Argentina,1987,31620918,Americas,70.774,9139.671389,11.299560633802827
56,Argentina,1992,33958947,Americas,71.868,9308.41871,12.39356063380282
57,Argentina,1997,36203463,Americas,73.275,10967.28195,13.800560633802831
58,Argentina,2002,38331121,Americas,74.34,8797.640716,14.86556063380283
59,Argentina,2007,40301927,Americas,75.32,12779.37964,15.845560633802819
60,Australia,1952,8691212,Oceania,69.12,10039.59564,9.64556063380283
61,Australia,1957,9712569,Oceania,70.33,10949.64959,10.855560633802824
62,Australia,1962,10794968,Oceania,70.93,12217.22686,11.455560633802833
63,Australia,1967,11872264,Oceania,71.1,14526.12465,11.62556063380282
64,Australia,1972,13177000,Oceania,71.93,16788.62948,12.455560633802833
65,Australia,1977,14074100,Oceania,73.49,18334.19751,14.01556063380282
66,Australia,1982,15184200,Oceania,74.74,19477.00928,15.26556063380282
67,Australia,1987,16257249,Oceania,76.32,21888.88903,16.84556063380282
68,Australia,1992,17481977,Oceania,77.56,23424.76683,18.085560633802828
69,Australia,1997,18565243,Oceania,78.83,26997.93657,19.355560633802824
70,Australia,2002,19546792,Oceania,80.37,30687.75473,20.89556063380283
71,Australia,2007,20434176,Oceania,81.235,34435.36744,21.760560633802825
72,Austria,1952,6927772,Europe,66.8,6137.076492,7.325560633802823
73,Austria,1957,6965860,Europe,67.48,8842.59803,8.00556063380283
74,Austria,1962,7129864,Europe,69.54,10750.72111,10.065560633802832
75,Austria,1967,7376998,Europe,70.14,12834.6024,10.665560633802826
76,Austria,1972,7544201,Europe,70.63,16661.6256,11.155560633802821
77,Austria,1977,7568430,Europe,72.17,19749.4223,12.695560633802828
78,Austria,1982,7574613,Europe,73.18,21597.08362,13.705560633802833
79,Austria,1987,7578903,Europe,74.94,23687.82607,15.465560633802824
80,Austria,1992,7914969,Europe,76.04,27042.01868,16.565560633802832
81,Austria,1997,8069876,Europe,77.51,29095.92066,18.03556063380283
82,Austria,2002,8148312,Europe,78.98,32417.60769,19.50556063380283
83,Austria,2007,8199783,Europe,79.829,36126.4927,20.35456063380282
84,Bahrain,1952,120447,Asia,50.939,9867.084765,-8.535439366197174
85,Bahrain,1957,138655,Asia,53.832,11635.79945,-5.6424393661971735
86,Bahrain,1962,171863,Asia,56.923,12753.27514,-2.5514393661971724
87,Bahrain,1967,202182,Asia,59.923,14804.6727,0.4485606338028276
88,Bahrain,1972,230800,Asia,63.3,18268.65839,3.825560633802823
89,Bahrain,1977,297410,Asia,65.593,19340.10196,6.118560633802829
90,Bahrain,1982,377967,Asia,69.052,19211.14731,9.577560633802833
91,Bahrain,1987,454612,Asia,70.75,18524.02406,11.275560633802826
92,Bahrain,1992,529491,Asia,72.601,19035.57917,13.126560633802825
93,Bahrain,1997,598561,Asia,73.925,20292.01679,14.450560633802823
94,Bahrain,2002,656397,Asia,74.795,23403.55927,15.320560633802828
95,Bahrain,2007,708573,Asia,75.635,29796.04834,16.16056063380283
96,Bangladesh,1952,46886859,Asia,37.484,684.2441716,-21.990439366197172
97,Bangladesh,1957,51365468,Asia,39.348,661.6374577,-20.126439366197175
98,Bangladesh,1962,56839289,Asia,41.216,686.3415538,-18.258439366197173
99,Bangladesh,1967,62821884,Asia,43.453,721.1860862,-16.02143936619717
100,Bangladesh,1972,70759295,Asia,45.252,630.2336265,-14.222439366197172
101,Bangladesh,1977,80428306,Asia,46.923,659.8772322,-12.551439366197172
102,Bangladesh,1982,93074406,Asia,50.009,676.9818656,-9.465439366197174
103,Bangladesh,1987,103764241,Asia,52.819,751.9794035,-6.655439366197172
104,Bangladesh,1992,113704579,Asia,56.018,837.8101643,-3.4564393661971735
105,Bangladesh,1997,123315288,Asia,59.412,972.7700352,-0.06243936619717516
106,Bangladesh,2002,135656790,Asia,62.013,1136.39043,2.538560633802824
107,Bangladesh,2007,150448339,Asia,64.062,1391.253792,4.587560633802823
108,Belgium,1952,8730405,Europe,68.0,8343.105127,8.525560633802826
109,Belgium,1957,8989111,Europe,69.24,9714.960623,9.76556063380282
110,Belgium,1962,9218400,Europe,70.25,10991.20676,10.775560633802826
111,Belgium,1967,9556500,Europe,70.94,13149.04119,11.465560633802824
112,Belgium,1972,9709100,Europe,71.44,16672.14356,11.965560633802824
113,Belgium,1977,9821800,Europe,72.8,19117.97448,13.325560633802823
114,Belgium,1982,9856303,Europe,73.93,20979.84589,14.455560633802833
115,Belgium,1987,9870200,Europe,75.35,22525.56308,15.87556063380282
116,Belgium,1992,10045622,Europe,76.46,25575.57069,16.98556063380282
117,Belgium,1997,10199787,Europe,77.53,27561.19663,18.055560633802827
118,Belgium,2002,10311970,Europe,78.32,30485.88375,18.84556063380282
119,Belgium,2007,10392226,Europe,79.441,33692.60508,19.96656063380283
120,Benin,1952,1738315,Africa,38.223,1062.7522,-21.251439366197175
121,Benin,1957,1925173,Africa,40.358,959.6010805,-19.116439366197177
122,Benin,1962,2151895,Africa,42.618,949.4990641,-16.856439366197172
123,Benin,1967,2427334,Africa,44.885,1035.831411,-14.589439366197176
124,Benin,1972,2761407,Africa,47.014,1085.796879,-12.460439366197171
125,Benin,1977,3168267,Africa,49.19,1029.161251,-10.284439366197176
126,Benin,1982,3641603,Africa,50.904,1277.897616,-8.57043936619717
127,Benin,1987,4243788,Africa,52.337,1225.85601,-7.137439366197171
128,Benin,1992,4981671,Africa,53.919,1191.207681,-5.555439366197177
129,Benin,1997,6066080,Africa,54.777,1232.975292,-4.697439366197173
130,Benin,2002,7026113,Africa,54.406,1372.877931,-5.068439366197175
131,Benin,2007,8078314,Africa,56.728,1441.284873,-2.7464393661971727
132,Bolivia,1952,2883315,Americas,40.414,2677.326347,-19.060439366197173
133,Bolivia,1957,3211738,Americas,41.89,2127.686326,-17.584439366197174
134,Bolivia,1962,3593918,Americas,43.428,2180.972546,-16.046439366197177
135,Bolivia,1967,4040665,Americas,45.032,2586.886053,-14.442439366197178
136,Bolivia,1972,4565872,Americas,46.714,2980.331339,-12.760439366197176
137,Bolivia,1977,5079716,Americas,50.023,3548.097832,-9.451439366197171
138,Bolivia,1982,5642224,Americas,53.859,3156.510452,-5.615439366197172
139,Bolivia,1987,6156369,Americas,57.251,2753.69149,-2.2234393661971765
140,Bolivia,1992,6893451,Americas,59.957,2961.699694,0.48256063380282654
141,Bolivia,1997,7693188,Americas,62.05,3326.143191,2.575560633802823
142,Bolivia,2002,8445134,Americas,63.883,3413.26269,4.4085606338028285
143,Bolivia,2007,9119152,Americas,65.554,3822.137084,6.079560633802828
144,Bosnia and Herzegovina,1952,2791000,Europe,53.82,973.5331948,-5.654439366197174
145,Bosnia and Herzegovina,1957,3076000,Europe,58.45,1353.989176,-1.0244393661971714
146,Bosnia and Herzegovina,1962,3349000,Europe,61.93,1709.683679,2.4555606338028255
147,Bosnia and Herzegovina,1967,3585000,Europe,64.79,2172.352423,5.315560633802832
148,Bosnia and Herzegovina,1972,3819000,Europe,67.45,2860.16975,7.975560633802829
149,Bosnia and Herzegovina,1977,4086000,Europe,69.86,3528.481305,10.385560633802825
150,Bosnia and Herzegovina,1982,4172693,Europe,70.69,4126.613157,11.215560633802824
151,Bosnia and Herzegovina,1987,4338977,Europe,71.14,4314.114757,11.665560633802826
152,Bosnia and Herzegovina,1992,4256013,Europe,72.178,2546.781445,12.703560633802823
153,Bosnia and Herzegovina,1997,3607000,Europe,73.244,4766.355904,13.769560633802826
154,Bosnia and Herzegovina,2002,4165416,Europe,74.09,6018.975239,14.61556063380283
155,Bosnia and Herzegovina,2007,4552198,Europe,74.852,7446.298803,15.37756063380283
156,Botswana,1952,442308,Africa,47.622,851.2411407,-11.852439366197174
157,Botswana,1957,474639,Africa,49.618,918.2325349,-9.856439366197172
158,Botswana,1962,512764,Africa,51.52,983.6539764,-7.954439366197171
159,Botswana,1967,553541,Africa,53.298,1214.709294,-6.176439366197172
160,Botswana,1972,619351,Africa,56.024,2263.611114,-3.4504393661971733
161,Botswana,1977,781472,Africa,59.319,3214.857818,-0.15543936619717158
162,Botswana,1982,970347,Africa,61.484,4551.14215,2.0095606338028276
163,Botswana,1987,1151184,Africa,63.622,6205.88385,4.147560633802826
164,Botswana,1992,1342614,Africa,62.745,7954.111645,3.2705606338028232
165,Botswana,1997,1536536,Africa,52.556,8647.142313,-6.918439366197177
166,Botswana,2002,1630347,Africa,46.634,11003.60508,-12.840439366197174
167,Botswana,2007,1639131,Africa,50.728,12569.85177,-8.746439366197173
168,Brazil,1952,56602560,Americas,50.917,2108.944355,-8.557439366197173
169,Brazil,1957,65551171,Americas,53.285,2487.365989,-6.189439366197178
170,Brazil,1962,76039390,Americas,55.665,3336.585802,-3.809439366197175
171,Brazil,1967,88049823,Americas,57.632,3429.864357,-1.8424393661971763
172,Brazil,1972,100840058,Americas,59.504,4985.711467,0.029560633802823588
173,Brazil,1977,114313951,Americas,61.489,6660.118654,2.014560633802823
174,Brazil,1982,128962939,Americas,63.336,7030.835878,3.8615606338028243
175,Brazil,1987,142938076,Americas,65.205,7807.095818,5.730560633802824
176,Brazil,1992,155975974,Americas,67.057,6950.283021,7.582560633802828
177,Brazil,1997,168546719,Americas,69.388,7957.980824,9.913560633802831
178,Brazil,2002,179914212,Americas,71.006,8131.212843,11.531560633802826
179,Brazil,2007,190010647,Americas,72.39,9065.800825,12.915560633802826
180,Bulgaria,1952,7274900,Europe,59.6,2444.286648,0.12556063380282723
181,Bulgaria,1957,7651254,Europe,66.61,3008.670727,7.135560633802825
182,Bulgaria,1962,8012946,Europe,69.51,4254.337839,10.035560633802831
183,Bulgaria,1967,8310226,Europe,70.42,5577.0028,10.945560633802828
184,Bulgaria,1972,8576200,Europe,70.9,6597.494398,11.425560633802831
185,Bulgaria,1977,8797022,Europe,70.81,7612.240438,11.335560633802828
186,Bulgaria,1982,8892098,Europe,71.08,8224.191647,11.605560633802824
187,Bulgaria,1987,8971958,Europe,71.34,8239.854824,11.86556063380283
188,Bulgaria,1992,8658506,Europe,71.19,6302.623438,11.715560633802824
189,Bulgaria,1997,8066057,Europe,70.32,5970.38876,10.845560633802819
190,Bulgaria,2002,7661799,Europe,72.14,7696.777725,12.665560633802826
191,Bulgaria,2007,7322858,Europe,73.005,10680.79282,13.530560633802821
192,Burkina Faso,1952,4469979,Africa,31.975,543.2552413,-27.499439366197173
193,Burkina Faso,1957,4713416,Africa,34.906,617.1834648,-24.568439366197175
194,Burkina Faso,1962,4919632,Africa,37.814,722.5120206,-21.660439366197174
195,Burkina Faso,1967,5127935,Africa,40.697,794.8265597,-18.77743936619717
196,Burkina Faso,1972,5433886,Africa,43.591,854.7359763,-15.883439366197173
197,Burkina Faso,1977,5889574,Africa,46.137,743.3870368,-13.337439366197174
198,Burkina Faso,1982,6634596,Africa,48.122,807.1985855,-11.352439366197174
199,Burkina Faso,1987,7586551,Africa,49.557,912.0631417,-9.917439366197172
200,Burkina Faso,1992,8878303,Africa,50.26,931.7527731,-9.214439366197176
201,Burkina Faso,1997,10352843,Africa,50.324,946.2949618,-9.150439366197176
202,Burkina Faso,2002,12251209,Africa,50.65,1037.645221,-8.824439366197176
203,Burkina Faso,2007,14326203,Africa,52.295,1217.032994,-7.1794393661971725
204,Burundi,1952,2445618,Africa,39.031,339.2964587,-20.443439366197175
205,Burundi,1957,2667518,Africa,40.533,379.5646281,-18.941439366197173
206,Burundi,1962,2961915,Africa,42.045,355.2032273,-17.429439366197172
207,Burundi,1967,3330989,Africa,43.548,412.9775136,-15.926439366197172
208,Burundi,1972,3529983,Africa,44.057,464.0995039,-15.417439366197172
209,Burundi,1977,3834415,Africa,45.91,556.1032651,-13.564439366197178
210,Burundi,1982,4580410,Africa,47.471,559.603231,-12.003439366197178
211,Burundi,1987,5126023,Africa,48.211,621.8188189,-11.263439366197176
212,Burundi,1992,5809236,Africa,44.736,631.6998778,-14.738439366197177
213,Burundi,1997,6121610,Africa,45.326,463.1151478,-14.148439366197174
214,Burundi,2002,7021078,Africa,47.36,446.4035126,-12.114439366197175
215,Burundi,2007,8390505,Africa,49.58,430.0706916,-9.894439366197176
216,Cambodia,1952,4693836,Asia,39.417,368.4692856,-20.057439366197173
217,Cambodia,1957,5322536,Asia,41.366,434.0383364,-18.108439366197175
218,Cambodia,1962,6083619,Asia,43.415,496.9136476,-16.059439366197175
219,Cambodia,1967,6960067,Asia,45.415,523.4323142,-14.059439366197175
220,Cambodia,1972,7450606,Asia,40.317,421.6240257,-19.157439366197174
221,Cambodia,1977,6978607,Asia,31.22,524.9721832,-28.254439366197175
222,Cambodia,1982,7272485,Asia,50.957,624.4754784,-8.517439366197173
223,Cambodia,1987,8371791,Asia,53.914,683.8955732,-5.560439366197173
224,Cambodia,1992,10150094,Asia,55.803,682.3031755,-3.671439366197177
225,Cambodia,1997,11782962,Asia,56.534,734.28517,-2.9404393661971753
226,Cambodia,2002,12926707,Asia,56.752,896.2260153,-2.7224393661971718
227,Cambodia,2007,14131858,Asia,59.723,1713.778686,0.24856063380282478
228,Cameroon,1952,5009067,Africa,38.523,1172.667655,-20.95143936619717
229,Cameroon,1957,5359923,Africa,40.428,1313.048099,-19.046439366197177
230,Cameroon,1962,5793633,Africa,42.643,1399.607441,-16.831439366197174
231,Cameroon,1967,6335506,Africa,44.799,1508.453148,-14.675439366197175
232,Cameroon,1972,7021028,Africa,47.049,1684.146528,-12.425439366197175
233,Cameroon,1977,7959865,Africa,49.355,1783.432873,-10.119439366197177
234,Cameroon,1982,9250831,Africa,52.961,2367.983282,-6.513439366197176
235,Cameroon,1987,10780667,Africa,54.985,2602.664206,-4.489439366197175
236,Cameroon,1992,12467171,Africa,54.314,1793.163278,-5.160439366197174
237,Cameroon,1997,14195809,Africa,52.199,1694.337469,-7.275439366197176
238,Cameroon,2002,15929988,Africa,49.856,1934.011449,-9.618439366197173
239,Cameroon,2007,17696293,Africa,50.43,2042.09524,-9.044439366197174
240,Canada,1952,14785584,Americas,68.75,11367.16112,9.275560633802826
241,Canada,1957,17010154,Americas,69.96,12489.95006,10.48556063380282
242,Canada,1962,18985849,Americas,71.3,13462.48555,11.825560633802823
243,Canada,1967,20819767,Americas,72.13,16076.58803,12.655560633802821
244,Canada,1972,22284500,Americas,72.88,18970.57086,13.405560633802821
245,Canada,1977,23796400,Americas,74.21,22090.88306,14.73556063380282
246,Canada,1982,25201900,Americas,75.76,22898.79214,16.28556063380283
247,Canada,1987,26549700,Americas,76.86,26626.51503,17.385560633802825
248,Canada,1992,28523502,Americas,77.95,26342.88426,18.47556063380283
249,Canada,1997,30305843,Americas,78.61,28954.92589,19.135560633802825
250,Canada,2002,31902268,Americas,79.77,33328.96507,20.295560633802822
251,Canada,2007,33390141,Americas,80.653,36319.23501,21.17856063380283
252,Central African Republic,1952,1291695,Africa,35.463,1071.310713,-24.011439366197173
253,Central African Republic,1957,1392284,Africa,37.464,1190.844328,-22.010439366197176
254,Central African Republic,1962,1523478,Africa,39.475,1193.068753,-19.999439366197173
255,Central African Republic,1967,1733638,Africa,41.478,1136.056615,-17.996439366197173
256,Central African Republic,1972,1927260,Africa,43.457,1070.013275,-16.017439366197173
257,Central African Republic,1977,2167533,Africa,46.775,1109.374338,-12.699439366197176
258,Central African Republic,1982,2476971,Africa,48.295,956.7529907,-11.179439366197172
259,Central African Republic,1987,2840009,Africa,50.485,844.8763504,-8.989439366197175
260,Central African Republic,1992,3265124,Africa,49.396,747.9055252,-10.078439366197173
261,Central African Republic,1997,3696513,Africa,46.066,740.5063317,-13.408439366197172
262,Central African Republic,2002,4048013,Africa,43.308,738.6906068,-16.166439366197174
263,Central African Republic,2007,4369038,Africa,44.741,706.016537,-14.733439366197175
264,Chad,1952,2682462,Africa,38.092,1178.665927,-21.382439366197175
265,Chad,1957,2894855,Africa,39.881,1308.495577,-19.593439366197174
266,Chad,1962,3150417,Africa,41.716,1389.817618,-17.758439366197173
267,Chad,1967,3495967,Africa,43.601,1196.810565,-15.873439366197175
268,Chad,1972,3899068,Africa,45.569,1104.103987,-13.905439366197172
269,Chad,1977,4388260,Africa,47.383,1133.98495,-12.091439366197172
270,Chad,1982,4875118,Africa,49.517,797.9081006,-9.957439366197171
271,Chad,1987,5498955,Africa,51.051,952.386129,-8.423439366197172
272,Chad,1992,6429417,Africa,51.724,1058.0643,-7.7504393661971775
273,Chad,1997,7562011,Africa,51.573,1004.961353,-7.901439366197174
274,Chad,2002,8835739,Africa,50.525,1156.18186,-8.949439366197176
275,Chad,2007,10238807,Africa,50.651,1704.063724,-8.82343936619717
276,Chile,1952,6377619,Americas,54.745,3939.978789,-4.729439366197177
277,Chile,1957,7048426,Americas,56.074,4315.622723,-3.400439366197176
278,Chile,1962,7961258,Americas,57.924,4519.094331,-1.5504393661971747
279,Chile,1967,8858908,Americas,60.523,5106.654313,1.048560633802829
280,Chile,1972,9717524,Americas,63.441,5494.024437,3.9665606338028283
281,Chile,1977,10599793,Americas,67.052,4756.763836,7.5775606338028325
282,Chile,1982,11487112,Americas,70.565,5095.665738,11.090560633802824
283,Chile,1987,12463354,Americas,72.492,5547.063754,13.01756063380283
284,Chile,1992,13572994,Americas,74.126,7596.125964,14.65156063380283
285,Chile,1997,14599929,Americas,75.816,10118.05318,16.34156063380283
286,Chile,2002,15497046,Americas,77.86,10778.78385,18.385560633802825
287,Chile,2007,16284741,Americas,78.553,13171.63885,19.078560633802823
288,China,1952,556263527,Asia,44.0,400.448611,-15.474439366197174
289,China,1957,637408000,Asia,50.54896,575.9870009,-8.925479366197173
290,China,1962,665770000,Asia,44.50136,487.6740183,-14.973079366197176
291,China,1967,754550000,Asia,58.38112,612.7056934,-1.0933193661971714
292,China,1972,862030000,Asia,63.11888,676.9000921,3.644440633802823
293,China,1977,943455000,Asia,63.96736,741.2374699,4.492920633802825
294,China,1982,1000281000,Asia,65.525,962.4213805,6.0505606338028315
295,China,1987,1084035000,Asia,67.274,1378.904018,7.799560633802827
296,China,1992,1164970000,Asia,68.69,1655.784158,9.215560633802824
297,China,1997,1230075000,Asia,70.426,2289.234136,10.951560633802828
298,China,2002,1280400000,Asia,72.028,3119.280896,12.553560633802832
299,China,2007,1318683096,Asia,72.961,4959.114854,13.486560633802824
300,Colombia,1952,12350771,Americas,50.643,2144.115096,-8.831439366197174
301,Colombia,1957,14485993,Americas,55.118,2323.805581,-4.356439366197172
302,Colombia,1962,17009885,Americas,57.863,2492.351109,-1.6114393661971746
303,Colombia,1967,19764027,Americas,59.963,2678.729839,0.48856063380282677
304,Colombia,1972,22542890,Americas,61.623,3264.660041,2.1485606338028234
305,Colombia,1977,25094412,Americas,63.837,3815.80787,4.362560633802829
306,Colombia,1982,27764644,Americas,66.653,4397.575659,7.178560633802832
307,Colombia,1987,30964245,Americas,67.768,4903.2191,8.293560633802826
308,Colombia,1992,34202721,Americas,68.421,5444.648617,8.946560633802832
309,Colombia,1997,37657830,Americas,70.313,6117.361746,10.838560633802828
310,Colombia,2002,41008227,Americas,71.682,5755.259962,12.207560633802828
311,Colombia,2007,44227550,Americas,72.889,7006.580419,13.414560633802822
312,Comoros,1952,153936,Africa,40.715,1102.990936,-18.75943936619717
313,Comoros,1957,170928,Africa,42.46,1211.148548,-17.014439366197173
314,Comoros,1962,191689,Africa,44.467,1406.648278,-15.007439366197175
315,Comoros,1967,217378,Africa,46.472,1876.029643,-13.002439366197173
316,Comoros,1972,250027,Africa,48.944,1937.577675,-10.530439366197172
317,Comoros,1977,304739,Africa,50.939,1172.603047,-8.535439366197174
318,Comoros,1982,348643,Africa,52.933,1267.100083,-6.541439366197174
319,Comoros,1987,395114,Africa,54.926,1315.980812,-4.548439366197172
320,Comoros,1992,454429,Africa,57.939,1246.90737,-1.5354393661971741
321,Comoros,1997,527982,Africa,60.66,1173.618235,1.1855606338028224
322,Comoros,2002,614382,Africa,62.974,1075.811558,3.4995606338028225
323,Comoros,2007,710960,Africa,65.152,986.1478792,5.677560633802827
324,"Congo, Dem. Rep.",1952,14100005,Africa,39.143,780.5423257,-20.331439366197174
325,"Congo, Dem. Rep.",1957,15577932,Africa,40.652,905.8602303,-18.822439366197173
326,"Congo, Dem. Rep.",1962,17486434,Africa,42.122,896.3146335,-17.352439366197174
327,"Congo, Dem. Rep.",1967,19941073,Africa,44.056,861.5932424,-15.418439366197177
328,"Congo, Dem. Rep.",1972,23007669,Africa,45.989,904.8960685,-13.485439366197177
329,"Congo, Dem. Rep.",1977,26480870,Africa,47.804,795.757282,-11.670439366197172
330,"Congo, Dem. Rep.",1982,30646495,Africa,47.784,673.7478181,-11.690439366197175
331,"Congo, Dem. Rep.",1987,35481645,Africa,47.412,672.774812,-12.062439366197175
332,"Congo, Dem. Rep.",1992,41672143,Africa,45.548,457.7191807,-13.926439366197172
333,"Congo, Dem. Rep.",1997,47798986,Africa,42.587,312.188423,-16.88743936619717
334,"Congo, Dem. Rep.",2002,55379852,Africa,44.966,241.1658765,-14.508439366197173
335,"Congo, Dem. Rep.",2007,64606759,Africa,46.462,277.5518587,-13.012439366197171
336,"Congo, Rep.",1952,854885,Africa,42.111,2125.621418,-17.363439366197177
337,"Congo, Rep.",1957,940458,Africa,45.053,2315.056572,-14.421439366197177
338,"Congo, Rep.",1962,1047924,Africa,48.435,2464.783157,-11.039439366197172
339,"Congo, Rep.",1967,1179760,Africa,52.04,2677.939642,-7.434439366197175
340,"Congo, Rep.",1972,1340458,Africa,54.907,3213.152683,-4.567439366197178
341,"Congo, Rep.",1977,1536769,Africa,55.625,3259.178978,-3.849439366197174
342,"Congo, Rep.",1982,1774735,Africa,56.695,4879.507522,-2.779439366197174
343,"Congo, Rep.",1987,2064095,Africa,57.47,4201.194937,-2.0044393661971753
344,"Congo, Rep.",1992,2409073,Africa,56.433,4016.239529,-3.0414393661971744
345,"Congo, Rep.",1997,2800947,Africa,52.962,3484.164376,-6.512439366197171
346,"Congo, Rep.",2002,3328795,Africa,52.97,3484.06197,-6.504439366197175
347,"Congo, Rep.",2007,3800610,Africa,55.322,3632.557798,-4.1524393661971715
348,Costa Rica,1952,926317,Americas,57.206,2627.009471,-2.268439366197171
349,Costa Rica,1957,1112300,Americas,60.026,2990.010802,0.5515606338028292
350,Costa Rica,1962,1345187,Americas,62.842,3460.937025,3.3675606338028246
351,Costa Rica,1967,1588717,Americas,65.424,4161.727834,5.949560633802832
352,Costa Rica,1972,1834796,Americas,67.849,5118.146939,8.37456063380283
353,Costa Rica,1977,2108457,Americas,70.75,5926.876967,11.275560633802826
354,Costa Rica,1982,2424367,Americas,73.45,5262.734751,13.975560633802829
355,Costa Rica,1987,2799811,Americas,74.752,5629.915318,15.277560633802821
356,Costa Rica,1992,3173216,Americas,75.713,6160.416317,16.23856063380282
357,Costa Rica,1997,3518107,Americas,77.26,6677.045314,17.78556063380283
358,Costa Rica,2002,3834934,Americas,78.123,7723.447195,18.64856063380283
359,Costa Rica,2007,4133884,Americas,78.782,9645.06142,19.307560633802822
360,Cote d'Ivoire,1952,2977019,Africa,40.477,1388.594732,-18.997439366197177
361,Cote d'Ivoire,1957,3300000,Africa,42.469,1500.895925,-17.005439366197173
362,Cote d'Ivoire,1962,3832408,Africa,44.93,1728.869428,-14.544439366197174
363,Cote d'Ivoire,1967,4744870,Africa,47.35,2052.050473,-12.124439366197173
364,Cote d'Ivoire,1972,6071696,Africa,49.801,2378.201111,-9.673439366197172
365,Cote d'Ivoire,1977,7459574,Africa,52.374,2517.736547,-7.100439366197172
366,Cote d'Ivoire,1982,9025951,Africa,53.983,2602.710169,-5.491439366197177
367,Cote d'Ivoire,1987,10761098,Africa,54.655,2156.956069,-4.819439366197173
368,Cote d'Ivoire,1992,12772596,Africa,52.044,1648.073791,-7.430439366197177
369,Cote d'Ivoire,1997,14625967,Africa,47.991,1786.265407,-11.483439366197175
370,Cote d'Ivoire,2002,16252726,Africa,46.832,1648.800823,-12.642439366197173
371,Cote d'Ivoire,2007,18013409,Africa,48.328,1544.750112,-11.146439366197171
372,Croatia,1952,3882229,Europe,61.21,3119.23652,1.7355606338028267
373,Croatia,1957,3991242,Europe,64.77,4338.231617,5.295560633802822
374,Croatia,1962,4076557,Europe,67.13,5477.890018,7.655560633802821
375,Croatia,1967,4174366,Europe,68.5,6960.297861,9.025560633802826
376,Croatia,1972,4225310,Europe,69.61,9164.090127,10.135560633802825
377,Croatia,1977,4318673,Europe,70.64,11305.38517,11.165560633802826
378,Croatia,1982,4413368,Europe,70.46,13221.82184,10.98556063380282
379,Croatia,1987,4484310,Europe,71.52,13822.58394,12.045560633802822
380,Croatia,1992,4494013,Europe,72.527,8447.794873,13.052560633802827
381,Croatia,1997,4444595,Europe,73.68,9875.604515,14.205560633802833
382,Croatia,2002,4481020,Europe,74.876,11628.38895,15.40156063380283
383,Croatia,2007,4493312,Europe,75.748,14619.22272,16.27356063380283
384,Cuba,1952,6007797,Americas,59.421,5586.53878,-0.05343936619717482
385,Cuba,1957,6640752,Americas,62.325,6092.174359,2.8505606338028286
386,Cuba,1962,7254373,Americas,65.246,5180.75591,5.771560633802821
387,Cuba,1967,8139332,Americas,68.29,5690.268015,8.815560633802832
388,Cuba,1972,8831348,Americas,70.723,5305.445256,11.248560633802825
389,Cuba,1977,9537988,Americas,72.649,6380.494966,13.174560633802827
390,Cuba,1982,9789224,Americas,73.717,7316.918107,14.242560633802825
391,Cuba,1987,10239839,Americas,74.174,7532.924763,14.699560633802832
392,Cuba,1992,10723260,Americas,74.414,5592.843963,14.939560633802827
393,Cuba,1997,10983007,Americas,76.151,5431.990415,16.676560633802822
394,Cuba,2002,11226999,Americas,77.158,6340.646683,17.683560633802827
395,Cuba,2007,11416987,Americas,78.273,8948.102923,18.798560633802822
396,Czech Republic,1952,9125183,Europe,66.87,6876.14025,7.39556063380283
397,Czech Republic,1957,9513758,Europe,69.03,8256.343918,9.555560633802827
398,Czech Republic,1962,9620282,Europe,69.9,10136.86713,10.425560633802831
399,Czech Republic,1967,9835109,Europe,70.38,11399.44489,10.905560633802821
400,Czech Republic,1972,9862158,Europe,70.29,13108.4536,10.815560633802832
401,Czech Republic,1977,10161915,Europe,70.71,14800.16062,11.23556063380282
402,Czech Republic,1982,10303704,Europe,70.96,15377.22855,11.48556063380282
403,Czech Republic,1987,10311597,Europe,71.58,16310.4434,12.105560633802824
404,Czech Republic,1992,10315702,Europe,72.4,14297.02122,12.925560633802831
405,Czech Republic,1997,10300707,Europe,74.01,16048.51424,14.535560633802831
406,Czech Republic,2002,10256295,Europe,75.51,17596.21022,16.03556063380283
407,Czech Republic,2007,10228744,Europe,76.486,22833.30851,17.01156063380283
408,Denmark,1952,4334000,Europe,70.78,9692.385245,11.305560633802827
409,Denmark,1957,4487831,Europe,71.81,11099.65935,12.335560633802828
410,Denmark,1962,4646899,Europe,72.35,13583.31351,12.87556063380282
411,Denmark,1967,4838800,Europe,72.96,15937.21123,13.48556063380282
412,Denmark,1972,4991596,Europe,73.47,18866.20721,13.995560633802825
413,Denmark,1977,5088419,Europe,74.69,20422.9015,15.215560633802824
414,Denmark,1982,5117810,Europe,74.63,21688.04048,15.155560633802821
415,Denmark,1987,5127024,Europe,74.8,25116.17581,15.325560633802823
416,Denmark,1992,5171393,Europe,75.33,26406.73985,15.855560633802824
417,Denmark,1997,5283663,Europe,76.11,29804.34567,16.635560633802825
418,Denmark,2002,5374693,Europe,77.18,32166.50006,17.705560633802833
419,Denmark,2007,5468120,Europe,78.332,35278.41874,18.85756063380282
420,Djibouti,1952,63149,Africa,34.812,2669.529475,-24.662439366197177
421,Djibouti,1957,71851,Africa,37.328,2864.969076,-22.14643936619717
422,Djibouti,1962,89898,Africa,39.693,3020.989263,-19.781439366197176
423,Djibouti,1967,127617,Africa,42.074,3020.050513,-17.400439366197176
424,Djibouti,1972,178848,Africa,44.366,3694.212352,-15.108439366197175
425,Djibouti,1977,228694,Africa,46.519,3081.761022,-12.955439366197176
426,Djibouti,1982,305991,Africa,48.812,2879.468067,-10.662439366197177
427,Djibouti,1987,311025,Africa,50.04,2880.102568,-9.434439366197175
428,Djibouti,1992,384156,Africa,51.604,2377.156192,-7.870439366197175
429,Djibouti,1997,417908,Africa,53.157,1895.016984,-6.317439366197178
430,Djibouti,2002,447416,Africa,53.373,1908.260867,-6.101439366197177
431,Djibouti,2007,496374,Africa,54.791,2082.481567,-4.683439366197177
432,Dominican Republic,1952,2491346,Americas,45.928,1397.717137,-13.546439366197177
433,Dominican Republic,1957,2923186,Americas,49.828,1544.402995,-9.646439366197171
434,Dominican Republic,1962,3453434,Americas,53.459,1662.137359,-6.015439366197171
435,Dominican Republic,1967,4049146,Americas,56.751,1653.723003,-2.7234393661971765
436,Dominican Republic,1972,4671329,Americas,59.631,2189.874499,0.15656063380282603
437,Dominican Republic,1977,5302800,Americas,61.788,2681.9889,2.3135606338028225
438,Dominican Republic,1982,5968349,Americas,63.727,2861.092386,4.252560633802823
439,Dominican Republic,1987,6655297,Americas,66.046,2899.842175,6.571560633802832
440,Dominican Republic,1992,7351181,Americas,68.457,3044.214214,8.98256063380282
441,Dominican Republic,1997,7992357,Americas,69.957,3614.101285,10.48256063380282
442,Dominican Republic,2002,8650322,Americas,70.847,4563.808154,11.37256063380282
443,Dominican Republic,2007,9319622,Americas,72.235,6025.374752,12.760560633802825
444,Ecuador,1952,3548753,Americas,48.357,3522.110717,-11.117439366197175
445,Ecuador,1957,4058385,Americas,51.356,3780.546651,-8.118439366197173
446,Ecuador,1962,4681707,Americas,54.64,4086.114078,-4.834439366197174
447,Ecuador,1967,5432424,Americas,56.678,4579.074215,-2.796439366197177
448,Ecuador,1972,6298651,Americas,58.796,5280.99471,-0.6784393661971748
449,Ecuador,1977,7278866,Americas,61.31,6679.62326,1.835560633802828
450,Ecuador,1982,8365850,Americas,64.342,7213.791267,4.8675606338028246
451,Ecuador,1987,9545158,Americas,67.231,6481.776993,7.75656063380282
452,Ecuador,1992,10748394,Americas,69.613,7103.702595,10.138560633802825
453,Ecuador,1997,11911819,Americas,72.312,7429.455877,12.837560633802823
454,Ecuador,2002,12921234,Americas,74.173,5773.044512,14.698560633802828
455,Ecuador,2007,13755680,Americas,74.994,6873.262326,15.519560633802826
456,Egypt,1952,22223309,Africa,41.893,1418.822445,-17.581439366197174
457,Egypt,1957,25009741,Africa,44.444,1458.915272,-15.030439366197172
458,Egypt,1962,28173309,Africa,46.992,1693.335853,-12.482439366197177
459,Egypt,1967,31681188,Africa,49.293,1814.880728,-10.181439366197175
460,Egypt,1972,34807417,Africa,51.137,2024.008147,-8.337439366197174
461,Egypt,1977,38783863,Africa,53.319,2785.493582,-6.155439366197172
462,Egypt,1982,45681811,Africa,56.006,3503.729636,-3.468439366197174
463,Egypt,1987,52799062,Africa,59.797,3885.46071,0.32256063380282285
464,Egypt,1992,59402198,Africa,63.674,3794.755195,4.199560633802825
465,Egypt,1997,66134291,Africa,67.217,4173.181797,7.7425606338028246
466,Egypt,2002,73312559,Africa,69.806,4754.604414,10.331560633802823
467,Egypt,2007,80264543,Africa,71.338,5581.180998,11.86356063380282
468,El Salvador,1952,2042865,Americas,45.262,3048.3029,-14.212439366197174
469,El Salvador,1957,2355805,Americas,48.57,3421.523218,-10.904439366197174
470,El Salvador,1962,2747687,Americas,52.307,3776.803627,-7.167439366197172
471,El Salvador,1967,3232927,Americas,55.855,4358.595393,-3.6194393661971773
472,El Salvador,1972,3790903,Americas,58.207,4520.246008,-1.2674393661971735
473,El Salvador,1977,4282586,Americas,56.696,5138.922374,-2.7784393661971762
474,El Salvador,1982,4474873,Americas,56.604,4098.344175,-2.870439366197175
475,El Salvador,1987,4842194,Americas,63.154,4140.442097,3.6795606338028293
476,El Salvador,1992,5274649,Americas,66.798,4444.2317,7.323560633802828
477,El Salvador,1997,5783439,Americas,69.535,5154.825496,10.060560633802822
478,El Salvador,2002,6353681,Americas,70.734,5351.568666,11.25956063380282
479,El Salvador,2007,6939688,Americas,71.878,5728.353514,12.403560633802826
480,Equatorial Guinea,1952,216964,Africa,34.482,375.6431231,-24.992439366197175
481,Equatorial Guinea,1957,232922,Africa,35.983,426.0964081,-23.491439366197177
482,Equatorial Guinea,1962,249220,Africa,37.485,582.8419714,-21.989439366197175
483,Equatorial Guinea,1967,259864,Africa,38.987,915.5960025,-20.487439366197172
484,Equatorial Guinea,1972,277603,Africa,40.516,672.4122571,-18.958439366197176
485,Equatorial Guinea,1977,192675,Africa,42.024,958.5668124,-17.450439366197173
486,Equatorial Guinea,1982,285483,Africa,43.662,927.8253427,-15.812439366197175
487,Equatorial Guinea,1987,341244,Africa,45.664,966.8968149,-13.810439366197173
488,Equatorial Guinea,1992,387838,Africa,47.545,1132.055034,-11.929439366197172
489,Equatorial Guinea,1997,439971,Africa,48.245,2814.480755,-11.229439366197177
490,Equatorial Guinea,2002,495627,Africa,49.348,7703.4959,-10.126439366197175
491,Equatorial Guinea,2007,551201,Africa,51.579,12154.08975,-7.895439366197174
492,Eritrea,1952,1438760,Africa,35.928,328.9405571,-23.546439366197177
493,Eritrea,1957,1542611,Africa,38.047,344.1618859,-21.427439366197177
494,Eritrea,1962,1666618,Africa,40.158,380.9958433,-19.316439366197173
495,Eritrea,1967,1820319,Africa,42.189,468.7949699,-17.285439366197174
496,Eritrea,1972,2260187,Africa,44.142,514.3242082,-15.332439366197171
497,Eritrea,1977,2512642,Africa,44.535,505.7538077,-14.939439366197178
498,Eritrea,1982,2637297,Africa,43.89,524.8758493,-15.584439366197174
499,Eritrea,1987,2915959,Africa,46.453,521.1341333,-13.021439366197171
500,Eritrea,1992,3668440,Africa,49.991,582.8585102,-9.483439366197175
501,Eritrea,1997,4058319,Africa,53.378,913.47079,-6.096439366197174
502,Eritrea,2002,4414865,Africa,55.24,765.3500015,-4.234439366197172
503,Eritrea,2007,4906585,Africa,58.04,641.3695236,-1.434439366197175
504,Ethiopia,1952,20860941,Africa,34.078,362.1462796,-25.39643936619717
505,Ethiopia,1957,22815614,Africa,36.667,378.9041632,-22.807439366197173
506,Ethiopia,1962,25145372,Africa,40.059,419.4564161,-19.415439366197177
507,Ethiopia,1967,27860297,Africa,42.115,516.1186438,-17.359439366197172
508,Ethiopia,1972,30770372,Africa,43.515,566.2439442,-15.959439366197174
509,Ethiopia,1977,34617799,Africa,44.51,556.8083834,-14.964439366197176
510,Ethiopia,1982,38111756,Africa,44.916,577.8607471,-14.558439366197177
511,Ethiopia,1987,42999530,Africa,46.684,573.7413142,-12.790439366197177
512,Ethiopia,1992,52088559,Africa,48.091,421.3534653,-11.383439366197173
513,Ethiopia,1997,59861301,Africa,49.402,515.8894013,-10.072439366197173
514,Ethiopia,2002,67946797,Africa,50.725,530.0535319,-8.749439366197173
515,Ethiopia,2007,76511887,Africa,52.947,690.8055759,-6.5274393661971715
516,Finland,1952,4090500,Europe,66.55,6424.519071,7.075560633802823
517,Finland,1957,4324000,Europe,67.49,7545.415386,8.01556063380282
518,Finland,1962,4491443,Europe,68.75,9371.842561,9.275560633802826
519,Finland,1967,4605744,Europe,69.83,10921.63626,10.355560633802824
520,Finland,1972,4639657,Europe,70.87,14358.8759,11.39556063380283
521,Finland,1977,4738902,Europe,72.52,15605.42283,13.045560633802822
522,Finland,1982,4826933,Europe,74.55,18533.15761,15.075560633802823
523,Finland,1987,4931729,Europe,74.83,21141.01223,15.355560633802824
524,Finland,1992,5041039,Europe,75.7,20647.16499,16.22556063380283
525,Finland,1997,5134406,Europe,77.13,23723.9502,17.65556063380282
526,Finland,2002,5193039,Europe,78.37,28204.59057,18.89556063380283
527,Finland,2007,5238460,Europe,79.313,33207.0844,19.838560633802828
528,France,1952,42459667,Europe,67.41,7029.809327,7.935560633802822
529,France,1957,44310863,Europe,68.93,8662.834898,9.455560633802833
530,France,1962,47124000,Europe,70.51,10560.48553,11.035560633802831
531,France,1967,49569000,Europe,71.55,12999.91766,12.075560633802823
532,France,1972,51732000,Europe,72.38,16107.19171,12.905560633802821
533,France,1977,53165019,Europe,73.83,18292.63514,14.355560633802824
534,France,1982,54433565,Europe,74.89,20293.89746,15.415560633802826
535,France,1987,55630100,Europe,76.34,22066.44214,16.86556063380283
536,France,1992,57374179,Europe,77.46,24703.79615,17.98556063380282
537,France,1997,58623428,Europe,78.64,25889.78487,19.165560633802826
538,France,2002,59925035,Europe,79.59,28926.03234,20.11556063380283
539,France,2007,61083916,Europe,80.657,30470.0167,21.182560633802822
540,Gabon,1952,420702,Africa,37.003,4293.476475,-22.471439366197174
541,Gabon,1957,434904,Africa,38.999,4976.198099,-20.475439366197172
542,Gabon,1962,455661,Africa,40.489,6631.459222,-18.985439366197177
543,Gabon,1967,489004,Africa,44.598,8358.761987,-14.876439366197175
544,Gabon,1972,537977,Africa,48.69,11401.94841,-10.784439366197176
545,Gabon,1977,706367,Africa,52.79,21745.57328,-6.684439366197175
546,Gabon,1982,753874,Africa,56.564,15113.36194,-2.910439366197174
547,Gabon,1987,880397,Africa,60.19,11864.40844,0.7155606338028235
548,Gabon,1992,985739,Africa,61.366,13522.15752,1.8915606338028255
549,Gabon,1997,1126189,Africa,60.461,14722.84188,0.9865606338028243
550,Gabon,2002,1299304,Africa,56.761,12521.71392,-2.7134393661971714
551,Gabon,2007,1454867,Africa,56.735,13206.48452,-2.7394393661971748
552,Gambia,1952,284320,Africa,30.0,485.2306591,-29.474439366197174
553,Gambia,1957,323150,Africa,32.065,520.9267111,-27.409439366197176
554,Gambia,1962,374020,Africa,33.896,599.650276,-25.578439366197173
555,Gambia,1967,439593,Africa,35.857,734.7829124,-23.617439366197175
556,Gambia,1972,517101,Africa,38.308,756.0868363,-21.166439366197174
557,Gambia,1977,608274,Africa,41.842,884.7552507,-17.632439366197175
558,Gambia,1982,715523,Africa,45.58,835.8096108,-13.894439366197176
559,Gambia,1987,848406,Africa,49.265,611.6588611,-10.209439366197174
560,Gambia,1992,1025384,Africa,52.644,665.6244126,-6.830439366197176
561,Gambia,1997,1235767,Africa,55.861,653.7301704,-3.613439366197177
562,Gambia,2002,1457766,Africa,58.041,660.5855997,-1.4334393661971774
563,Gambia,2007,1688359,Africa,59.448,752.7497265,-0.026439366197173797
564,Germany,1952,69145952,Europe,67.5,7144.114393,8.025560633802826
565,Germany,1957,71019069,Europe,69.1,10187.82665,9.62556063380282
566,Germany,1962,73739117,Europe,70.3,12902.46291,10.825560633802823
567,Germany,1967,76368453,Europe,70.8,14745.62561,11.325560633802823
568,Germany,1972,78717088,Europe,71.0,18016.18027,11.525560633802826
569,Germany,1977,78160773,Europe,72.5,20512.92123,13.025560633802826
570,Germany,1982,78335266,Europe,73.8,22031.53274,14.325560633802823
571,Germany,1987,77718298,Europe,74.847,24639.18566,15.37256063380282
572,Germany,1992,80597764,Europe,76.07,26505.30317,16.59556063380282
573,Germany,1997,82011073,Europe,77.34,27788.88416,17.86556063380283
574,Germany,2002,82350671,Europe,78.67,30035.80198,19.195560633802828
575,Germany,2007,82400996,Europe,79.406,32170.37442,19.93156063380283
576,Ghana,1952,5581001,Africa,43.149,911.2989371,-16.325439366197173
577,Ghana,1957,6391288,Africa,44.779,1043.561537,-14.69543936619717
578,Ghana,1962,7355248,Africa,46.452,1190.041118,-13.022439366197176
579,Ghana,1967,8490213,Africa,48.072,1125.69716,-11.402439366197171
580,Ghana,1972,9354120,Africa,49.875,1178.223708,-9.599439366197174
581,Ghana,1977,10538093,Africa,51.756,993.2239571,-7.718439366197174
582,Ghana,1982,11400338,Africa,53.744,876.032569,-5.730439366197174
583,Ghana,1987,14168101,Africa,55.729,847.0061135,-3.745439366197175
584,Ghana,1992,16278738,Africa,57.501,925.060154,-1.9734393661971765
585,Ghana,1997,18418288,Africa,58.556,1005.245812,-0.9184393661971768
586,Ghana,2002,20550751,Africa,58.453,1111.984578,-1.0214393661971712
587,Ghana,2007,22873338,Africa,60.022,1327.60891,0.5475606338028243
588,Greece,1952,7733250,Europe,65.86,3530.690067,6.385560633802825
589,Greece,1957,8096218,Europe,67.86,4916.299889,8.385560633802825
590,Greece,1962,8448233,Europe,69.51,6017.190733,10.035560633802831
591,Greece,1967,8716441,Europe,71.0,8513.097016,11.525560633802826
592,Greece,1972,8888628,Europe,72.34,12724.82957,12.86556063380283
593,Greece,1977,9308479,Europe,73.68,14195.52428,14.205560633802833
594,Greece,1982,9786480,Europe,75.24,15268.42089,15.76556063380282
595,Greece,1987,9974490,Europe,76.67,16120.52839,17.195560633802828
596,Greece,1992,10325429,Europe,77.03,17541.49634,17.555560633802827
597,Greece,1997,10502372,Europe,77.869,18747.69814,18.394560633802826
598,Greece,2002,10603863,Europe,78.256,22514.2548,18.781560633802826
599,Greece,2007,10706290,Europe,79.483,27538.41188,20.00856063380283
600,Guatemala,1952,3146381,Americas,42.023,2428.237769,-17.45143936619717
601,Guatemala,1957,3640876,Americas,44.142,2617.155967,-15.332439366197171
602,Guatemala,1962,4208858,Americas,46.954,2750.364446,-12.520439366197174
603,Guatemala,1967,4690773,Americas,50.016,3242.531147,-9.458439366197176
604,Guatemala,1972,5149581,Americas,53.738,4031.408271,-5.736439366197175
605,Guatemala,1977,5703430,Americas,56.029,4879.992748,-3.4454393661971707
606,Guatemala,1982,6395630,Americas,58.137,4820.49479,-1.3374393661971737
607,Guatemala,1987,7326406,Americas,60.782,4246.485974,1.3075606338028223
608,Guatemala,1992,8486949,Americas,63.373,4439.45084,3.8985606338028234
609,Guatemala,1997,9803875,Americas,66.322,4684.313807,6.8475606338028285
610,Guatemala,2002,11178650,Americas,68.978,4858.347495,9.50356063380282
611,Guatemala,2007,12572928,Americas,70.259,5186.050003,10.784560633802826
612,Guinea,1952,2664249,Africa,33.609,510.1964923,-25.865439366197172
613,Guinea,1957,2876726,Africa,34.558,576.2670245,-24.916439366197174
614,Guinea,1962,3140003,Africa,35.753,686.3736739,-23.721439366197174
615,Guinea,1967,3451418,Africa,37.197,708.7595409,-22.27743936619717
616,Guinea,1972,3811387,Africa,38.842,741.6662307,-20.632439366197175
617,Guinea,1977,4227026,Africa,40.762,874.6858643,-18.712439366197174
618,Guinea,1982,4710497,Africa,42.891,857.2503577,-16.583439366197176
619,Guinea,1987,5650262,Africa,45.552,805.5724718,-13.922439366197175
620,Guinea,1992,6990574,Africa,48.576,794.3484384,-10.898439366197174
621,Guinea,1997,8048834,Africa,51.455,869.4497668,-8.019439366197176
622,Guinea,2002,8807818,Africa,53.676,945.5835837,-5.798439366197172
623,Guinea,2007,9947814,Africa,56.007,942.6542111,-3.4674393661971763
624,Guinea-Bissau,1952,580653,Africa,32.5,299.850319,-26.974439366197174
625,Guinea-Bissau,1957,601095,Africa,33.489,431.7904566,-25.985439366197177
626,Guinea-Bissau,1962,627820,Africa,34.488,522.0343725,-24.986439366197175
627,Guinea-Bissau,1967,601287,Africa,35.492,715.5806402,-23.982439366197177
628,Guinea-Bissau,1972,625361,Africa,36.486,820.2245876,-22.988439366197177
629,Guinea-Bissau,1977,745228,Africa,37.465,764.7259628,-22.00943936619717
630,Guinea-Bissau,1982,825987,Africa,39.327,838.1239671,-20.147439366197176
631,Guinea-Bissau,1987,927524,Africa,41.245,736.4153921,-18.229439366197177
632,Guinea-Bissau,1992,1050938,Africa,43.266,745.5398706,-16.208439366197176
633,Guinea-Bissau,1997,1193708,Africa,44.873,796.6644681,-14.601439366197177
634,Guinea-Bissau,2002,1332459,Africa,45.504,575.7047176,-13.970439366197176
635,Guinea-Bissau,2007,1472041,Africa,46.388,579.231743,-13.086439366197176
636,Haiti,1952,3201488,Americas,37.579,1840.366939,-21.895439366197174
637,Haiti,1957,3507701,Americas,40.696,1726.887882,-18.778439366197176
638,Haiti,1962,3880130,Americas,43.59,1796.589032,-15.88443936619717
639,Haiti,1967,4318137,Americas,46.243,1452.057666,-13.231439366197172
640,Haiti,1972,4698301,Americas,48.042,1654.456946,-11.432439366197173
641,Haiti,1977,4908554,Americas,49.923,1874.298931,-9.551439366197172
642,Haiti,1982,5198399,Americas,51.461,2011.159549,-8.013439366197176
643,Haiti,1987,5756203,Americas,53.636,1823.015995,-5.838439366197171
644,Haiti,1992,6326682,Americas,55.089,1456.309517,-4.385439366197176
645,Haiti,1997,6913545,Americas,56.671,1341.726931,-2.803439366197175
646,Haiti,2002,7607651,Americas,58.137,1270.364932,-1.3374393661971737
647,Haiti,2007,8502814,Americas,60.916,1201.637154,1.4415606338028226
648,Honduras,1952,1517453,Americas,41.912,2194.926204,-17.562439366197175
649,Honduras,1957,1770390,Americas,44.665,2220.487682,-14.809439366197175
650,Honduras,1962,2090162,Americas,48.041,2291.156835,-11.433439366197177
651,Honduras,1967,2500689,Americas,50.924,2538.269358,-8.550439366197175
652,Honduras,1972,2965146,Americas,53.884,2529.842345,-5.590439366197174
653,Honduras,1977,3055235,Americas,57.402,3203.208066,-2.072439366197173
654,Honduras,1982,3669448,Americas,60.909,3121.760794,1.4345606338028247
655,Honduras,1987,4372203,Americas,64.492,3023.096699,5.01756063380283
656,Honduras,1992,5077347,Americas,66.399,3081.694603,6.924560633802827
657,Honduras,1997,5867957,Americas,67.659,3160.454906,8.184560633802832
658,Honduras,2002,6677328,Americas,68.565,3099.72866,9.090560633802824
659,Honduras,2007,7483763,Americas,70.198,3548.330846,10.723560633802819
660,"Hong Kong, China",1952,2125900,Asia,60.96,3054.421209,1.4855606338028267
661,"Hong Kong, China",1957,2736300,Asia,64.75,3629.076457,5.275560633802826
662,"Hong Kong, China",1962,3305200,Asia,67.65,4692.648272,8.175560633802831
663,"Hong Kong, China",1967,3722800,Asia,70.0,6197.962814,10.525560633802826
664,"Hong Kong, China",1972,4115700,Asia,72.0,8315.928145,12.525560633802826
665,"Hong Kong, China",1977,4583700,Asia,73.6,11186.14125,14.12556063380282
666,"Hong Kong, China",1982,5264500,Asia,75.45,14560.53051,15.975560633802829
667,"Hong Kong, China",1987,5584510,Asia,76.2,20038.47269,16.72556063380283
668,"Hong Kong, China",1992,5829696,Asia,77.601,24757.60301,18.126560633802825
669,"Hong Kong, China",1997,6495918,Asia,80.0,28377.63219,20.525560633802826
670,"Hong Kong, China",2002,6762476,Asia,81.495,30209.01516,22.02056063380283
671,"Hong Kong, China",2007,6980412,Asia,82.208,39724.97867,22.733560633802824
672,Hungary,1952,9504000,Europe,64.03,5263.673816,4.555560633802827
673,Hungary,1957,9839000,Europe,66.41,6040.180011,6.935560633802822
674,Hungary,1962,10063000,Europe,67.96,7550.359877,8.48556063380282
675,Hungary,1967,10223422,Europe,69.5,9326.64467,10.025560633802826
676,Hungary,1972,10394091,Europe,69.76,10168.65611,10.285560633802831
677,Hungary,1977,10637171,Europe,69.95,11674.83737,10.475560633802829
678,Hungary,1982,10705535,Europe,69.39,12545.99066,9.915560633802826
679,Hungary,1987,10612740,Europe,69.58,12986.47998,10.105560633802824
680,Hungary,1992,10348684,Europe,69.17,10535.62855,9.695560633802828
681,Hungary,1997,10244684,Europe,71.04,11712.7768,11.565560633802832
682,Hungary,2002,10083313,Europe,72.59,14843.93556,13.11556063380283
683,Hungary,2007,9956108,Europe,73.338,18008.94444,13.86356063380282
684,Iceland,1952,147962,Europe,72.49,7267.688428,13.01556063380282
685,Iceland,1957,165110,Europe,73.47,9244.001412,13.995560633802825
686,Iceland,1962,182053,Europe,73.68,10350.15906,14.205560633802833
687,Iceland,1967,198676,Europe,73.73,13319.89568,14.25556063380283
688,Iceland,1972,209275,Europe,74.46,15798.06362,14.98556063380282
689,Iceland,1977,221823,Europe,76.11,19654.96247,16.635560633802825
690,Iceland,1982,233997,Europe,76.99,23269.6075,17.51556063380282
691,Iceland,1987,244676,Europe,77.23,26923.20628,17.75556063380283
692,Iceland,1992,259012,Europe,78.77,25144.39201,19.295560633802822
693,Iceland,1997,271192,Europe,78.95,28061.09966,19.47556063380283
694,Iceland,2002,288030,Europe,80.5,31163.20196,21.025560633802826
695,Iceland,2007,301931,Europe,81.757,36180.78919,22.28256063380283
696,India,1952,372000000,Asia,37.373,546.5657493,-22.101439366197177
697,India,1957,409000000,Asia,40.249,590.061996,-19.225439366197172
698,India,1962,454000000,Asia,43.605,658.3471509,-15.869439366197177
699,India,1967,506000000,Asia,47.193,700.7706107,-12.281439366197176
700,India,1972,567000000,Asia,50.651,724.032527,-8.82343936619717
701,India,1977,634000000,Asia,54.208,813.337323,-5.266439366197176
702,India,1982,708000000,Asia,56.596,855.7235377,-2.8784393661971777
703,India,1987,788000000,Asia,58.553,976.5126756,-0.9214393661971769
704,India,1992,872000000,Asia,60.223,1164.406809,0.7485606338028248
705,India,1997,959000000,Asia,61.765,1458.817442,2.2905606338028264
706,India,2002,1034172547,Asia,62.879,1746.769454,3.4045606338028236
707,India,2007,1110396331,Asia,64.698,2452.210407,5.223560633802819
708,Indonesia,1952,82052000,Asia,37.468,749.6816546,-22.00643936619717
709,Indonesia,1957,90124000,Asia,39.918,858.9002707,-19.556439366197175
710,Indonesia,1962,99028000,Asia,42.518,849.2897701,-16.956439366197174
711,Indonesia,1967,109343000,Asia,45.964,762.4317721,-13.510439366197176
712,Indonesia,1972,121282000,Asia,49.203,1111.107907,-10.271439366197171
713,Indonesia,1977,136725000,Asia,52.702,1382.702056,-6.772439366197176
714,Indonesia,1982,153343000,Asia,56.159,1516.872988,-3.3154393661971753
715,Indonesia,1987,169276000,Asia,60.137,1748.356961,0.6625606338028263
716,Indonesia,1992,184816000,Asia,62.681,2383.140898,3.206560633802823
717,Indonesia,1997,199278000,Asia,66.041,3119.335603,6.566560633802823
718,Indonesia,2002,211060000,Asia,68.588,2873.91287,9.11356063380282
719,Indonesia,2007,223547000,Asia,70.65,3540.651564,11.175560633802831
720,Iran,1952,17272000,Asia,44.869,3035.326002,-14.605439366197174
721,Iran,1957,19792000,Asia,47.181,3290.257643,-12.293439366197177
722,Iran,1962,22874000,Asia,49.325,4187.329802,-10.149439366197171
723,Iran,1967,26538000,Asia,52.469,5906.731805,-7.005439366197173
724,Iran,1972,30614000,Asia,55.234,9613.818607,-4.240439366197172
725,Iran,1977,35480679,Asia,57.702,11888.59508,-1.772439366197176
726,Iran,1982,43072751,Asia,59.62,7608.334602,0.14556063380282325
727,Iran,1987,51889696,Asia,63.04,6642.881371,3.565560633802825
728,Iran,1992,60397973,Asia,65.742,7235.653188,6.26756063380283
729,Iran,1997,63327987,Asia,68.042,8263.590301,8.567560633802827
730,Iran,2002,66907826,Asia,69.451,9240.761975,9.97656063380282
731,Iran,2007,69453570,Asia,70.964,11605.71449,11.489560633802824
732,Iraq,1952,5441766,Asia,45.32,4129.766056,-14.154439366197174
733,Iraq,1957,6248643,Asia,48.437,6229.333562,-11.037439366197177
734,Iraq,1962,7240260,Asia,51.457,8341.737815,-8.017439366197173
735,Iraq,1967,8519282,Asia,54.459,8931.459811,-5.015439366197171
736,Iraq,1972,10061506,Asia,56.95,9576.037596,-2.5244393661971714
737,Iraq,1977,11882916,Asia,60.413,14688.23507,0.9385606338028225
738,Iraq,1982,14173318,Asia,62.038,14517.90711,2.5635606338028225
739,Iraq,1987,16543189,Asia,65.044,11643.57268,5.569560633802823
740,Iraq,1992,17861905,Asia,59.461,3745.640687,-0.013439366197175673
741,Iraq,1997,20775703,Asia,58.811,3076.239795,-0.6634393661971743
742,Iraq,2002,24001816,Asia,57.046,4390.717312,-2.428439366197175
743,Iraq,2007,27499638,Asia,59.545,4471.061906,0.07056063380282751
744,Ireland,1952,2952156,Europe,66.91,5210.280328,7.435560633802822
745,Ireland,1957,2878220,Europe,68.9,5599.077872,9.425560633802831
746,Ireland,1962,2830000,Europe,70.29,6631.597314,10.815560633802832
747,Ireland,1967,2900100,Europe,71.08,7655.568963,11.605560633802824
748,Ireland,1972,3024400,Europe,71.28,9530.772896,11.805560633802827
749,Ireland,1977,3271900,Europe,72.03,11150.98113,12.555560633802827
750,Ireland,1982,3480000,Europe,73.1,12618.32141,13.62556063380282
751,Ireland,1987,3539900,Europe,74.36,13872.86652,14.885560633802825
752,Ireland,1992,3557761,Europe,75.467,17558.81555,15.992560633802825
753,Ireland,1997,3667233,Europe,76.122,24521.94713,16.647560633802826
754,Ireland,2002,3879155,Europe,77.783,34077.04939,18.308560633802827
755,Ireland,2007,4109086,Europe,78.885,40675.99635,19.41056063380283
756,Israel,1952,1620914,Asia,65.39,4086.522128,5.915560633802826
757,Israel,1957,1944401,Asia,67.84,5385.278451,8.36556063380283
758,Israel,1962,2310904,Asia,69.39,7105.630706,9.915560633802826
759,Israel,1967,2693585,Asia,70.75,8393.741404,11.275560633802826
760,Israel,1972,3095893,Asia,71.63,12786.93223,12.155560633802821
761,Israel,1977,3495918,Asia,73.06,13306.61921,13.585560633802828
762,Israel,1982,3858421,Asia,74.45,15367.0292,14.975560633802829
763,Israel,1987,4203148,Asia,75.6,17122.47986,16.12556063380282
764,Israel,1992,4936550,Asia,76.93,18051.52254,17.455560633802833
765,Israel,1997,5531387,Asia,78.269,20896.60924,18.79456063380283
766,Israel,2002,6029529,Asia,79.696,21905.59514,20.221560633802824
767,Israel,2007,6426679,Asia,80.745,25523.2771,21.27056063380283
768,Italy,1952,47666000,Europe,65.94,4931.404155,6.4655606338028235
769,Italy,1957,49182000,Europe,67.81,6248.656232,8.335560633802828
770,Italy,1962,50843200,Europe,69.24,8243.58234,9.76556063380282
771,Italy,1967,52667100,Europe,71.06,10022.40131,11.585560633802828
772,Italy,1972,54365564,Europe,72.19,12269.27378,12.715560633802824
773,Italy,1977,56059245,Europe,73.48,14255.98475,14.00556063380283
774,Italy,1982,56535636,Europe,74.98,16537.4835,15.50556063380283
775,Italy,1987,56729703,Europe,76.42,19207.23482,16.945560633802828
776,Italy,1992,56840847,Europe,77.44,22013.64486,17.965560633802824
777,Italy,1997,57479469,Europe,78.82,24675.02446,19.34556063380282
778,Italy,2002,57926999,Europe,80.24,27968.09817,20.76556063380282
779,Italy,2007,58147733,Europe,80.546,28569.7197,21.071560633802832
780,Jamaica,1952,1426095,Americas,58.53,2898.530881,-0.9444393661971731
781,Jamaica,1957,1535090,Americas,62.61,4756.525781,3.1355606338028252
782,Jamaica,1962,1665128,Americas,65.61,5246.107524,6.135560633802825
783,Jamaica,1967,1861096,Americas,67.51,6124.703451,8.035560633802831
784,Jamaica,1972,1997616,Americas,69.0,7433.889293,9.525560633802826
785,Jamaica,1977,2156814,Americas,70.11,6650.195573,10.635560633802825
786,Jamaica,1982,2298309,Americas,71.21,6068.05135,11.73556063380282
787,Jamaica,1987,2326606,Americas,71.77,6351.237495,12.295560633802822
788,Jamaica,1992,2378618,Americas,71.766,7404.923685,12.291560633802831
789,Jamaica,1997,2531311,Americas,72.262,7121.924704,12.787560633802826
790,Jamaica,2002,2664659,Americas,72.047,6994.774861,12.572560633802823
791,Jamaica,2007,2780132,Americas,72.567,7320.880262,13.092560633802819
792,Japan,1952,86459025,Asia,63.03,3216.956347,3.555560633802827
793,Japan,1957,91563009,Asia,65.5,4317.694365,6.025560633802826
794,Japan,1962,95831757,Asia,68.73,6576.649461,9.25556063380283
795,Japan,1967,100825279,Asia,71.43,9847.788607,11.955560633802833
796,Japan,1972,107188273,Asia,73.42,14778.78636,13.945560633802828
797,Japan,1977,113872473,Asia,75.38,16610.37701,15.905560633802821
798,Japan,1982,118454974,Asia,77.11,19384.10571,17.635560633802825
799,Japan,1987,122091325,Asia,78.67,22375.94189,19.195560633802828
800,Japan,1992,124329269,Asia,79.36,26824.89511,19.885560633802825
801,Japan,1997,125956499,Asia,80.69,28816.58499,21.215560633802824
802,Japan,2002,127065841,Asia,82.0,28604.5919,22.525560633802826
803,Japan,2007,127467972,Asia,82.603,31656.06806,23.12856063380282
804,Jordan,1952,607914,Asia,43.158,1546.907807,-16.316439366197173
805,Jordan,1957,746559,Asia,45.669,1886.080591,-13.805439366197177
806,Jordan,1962,933559,Asia,48.126,2348.009158,-11.348439366197177
807,Jordan,1967,1255058,Asia,51.629,2741.796252,-7.845439366197176
808,Jordan,1972,1613551,Asia,56.528,2110.856309,-2.9464393661971755
809,Jordan,1977,1937652,Asia,61.134,2852.351568,1.6595606338028261
810,Jordan,1982,2347031,Asia,63.739,4161.415959,4.264560633802823
811,Jordan,1987,2820042,Asia,65.869,4448.679912,6.394560633802826
812,Jordan,1992,3867409,Asia,68.015,3431.593647,8.540560633802826
813,Jordan,1997,4526235,Asia,69.772,3645.379572,10.297560633802831
814,Jordan,2002,5307470,Asia,71.263,3844.917194,11.788560633802831
815,Jordan,2007,6053193,Asia,72.535,4519.461171,13.060560633802822
816,Kenya,1952,6464046,Africa,42.27,853.540919,-17.20443936619717
817,Kenya,1957,7454779,Africa,44.686,944.4383152,-14.788439366197174
818,Kenya,1962,8678557,Africa,47.949,896.9663732,-11.525439366197176
819,Kenya,1967,10191512,Africa,50.654,1056.736457,-8.82043936619717
820,Kenya,1972,12044785,Africa,53.559,1222.359968,-5.915439366197177
821,Kenya,1977,14500404,Africa,56.155,1267.613204,-3.319439366197173
822,Kenya,1982,17661452,Africa,58.766,1348.225791,-0.708439366197176
823,Kenya,1987,21198082,Africa,59.339,1361.936856,-0.13543936619717556
824,Kenya,1992,25020539,Africa,59.285,1341.921721,-0.1894393661971776
825,Kenya,1997,28263827,Africa,54.407,1360.485021,-5.067439366197178
826,Kenya,2002,31386842,Africa,50.992,1287.514732,-8.482439366197177
827,Kenya,2007,35610177,Africa,54.11,1463.249282,-5.364439366197175
828,"Korea, Dem. Rep.",1952,8865488,Asia,50.056,1088.277758,-9.418439366197177
829,"Korea, Dem. Rep.",1957,9411381,Asia,54.081,1571.134655,-5.393439366197171
830,"Korea, Dem. Rep.",1962,10917494,Asia,56.656,1621.693598,-2.8184393661971754
831,"Korea, Dem. Rep.",1967,12617009,Asia,59.942,2143.540609,0.467560633802826
832,"Korea, Dem. Rep.",1972,14781241,Asia,63.983,3701.621503,4.508560633802823
833,"Korea, Dem. Rep.",1977,16325320,Asia,67.159,4106.301249,7.684560633802832
834,"Korea, Dem. Rep.",1982,17647518,Asia,69.1,4106.525293,9.62556063380282
835,"Korea, Dem. Rep.",1987,19067554,Asia,70.647,4106.492315,11.172560633802831
836,"Korea, Dem. Rep.",1992,20711375,Asia,69.978,3726.063507,10.50356063380282
837,"Korea, Dem. Rep.",1997,21585105,Asia,67.727,1690.756814,8.25256063380283
838,"Korea, Dem. Rep.",2002,22215365,Asia,66.662,1646.758151,7.187560633802832
839,"Korea, Dem. Rep.",2007,23301725,Asia,67.297,1593.06548,7.822560633802823
840,"Korea, Rep.",1952,20947571,Asia,47.453,1030.592226,-12.021439366197171
841,"Korea, Rep.",1957,22611552,Asia,52.681,1487.593537,-6.793439366197177
842,"Korea, Rep.",1962,26420307,Asia,55.292,1536.344387,-4.182439366197173
843,"Korea, Rep.",1967,30131000,Asia,57.716,2029.228142,-1.7584393661971731
844,"Korea, Rep.",1972,33505000,Asia,62.612,3030.87665,3.1375606338028277
845,"Korea, Rep.",1977,36436000,Asia,64.766,4657.22102,5.291560633802831
846,"Korea, Rep.",1982,39326000,Asia,67.123,5622.942464,7.6485606338028305
847,"Korea, Rep.",1987,41622000,Asia,69.81,8533.088805,10.335560633802828
848,"Korea, Rep.",1992,43805450,Asia,72.244,12104.27872,12.769560633802826
849,"Korea, Rep.",1997,46173816,Asia,74.647,15993.52796,15.172560633802831
850,"Korea, Rep.",2002,47969150,Asia,77.045,19233.98818,17.570560633802828
851,"Korea, Rep.",2007,49044790,Asia,78.623,23348.13973,19.14856063380283
852,Kuwait,1952,160000,Asia,55.565,108382.3529,-3.9094393661971765
853,Kuwait,1957,212846,Asia,58.033,113523.1329,-1.441439366197173
854,Kuwait,1962,358266,Asia,60.47,95458.11176,0.9955606338028247
855,Kuwait,1967,575003,Asia,64.624,80894.88326,5.149560633802821
856,Kuwait,1972,841934,Asia,67.712,109347.867,8.237560633802829
857,Kuwait,1977,1140357,Asia,69.343,59265.47714,9.86856063380283
858,Kuwait,1982,1497494,Asia,71.309,31354.03573,11.834560633802823
859,Kuwait,1987,1891487,Asia,74.174,28118.42998,14.699560633802832
860,Kuwait,1992,1418095,Asia,75.19,34932.91959,15.715560633802824
861,Kuwait,1997,1765345,Asia,76.156,40300.61996,16.68156063380283
862,Kuwait,2002,2111561,Asia,76.904,35110.10566,17.429560633802822
863,Kuwait,2007,2505559,Asia,77.588,47306.98978,18.11356063380282
864,Lebanon,1952,1439529,Asia,55.928,4834.804067,-3.546439366197177
865,Lebanon,1957,1647412,Asia,59.489,6089.786934,0.01456063380282302
866,Lebanon,1962,1886848,Asia,62.094,5714.560611,2.619560633802827
867,Lebanon,1967,2186894,Asia,63.87,6006.983042,4.395560633802823
868,Lebanon,1972,2680018,Asia,65.421,7486.384341,5.946560633802832
869,Lebanon,1977,3115787,Asia,66.099,8659.696836,6.62456063380283
870,Lebanon,1982,3086876,Asia,66.983,7640.519521,7.50856063380283
871,Lebanon,1987,3089353,Asia,67.926,5377.091329,8.451560633802828
872,Lebanon,1992,3219994,Asia,69.292,6890.806854,9.817560633802827
873,Lebanon,1997,3430388,Asia,70.265,8754.96385,10.790560633802826
874,Lebanon,2002,3677780,Asia,71.028,9313.93883,11.553560633802832
875,Lebanon,2007,3921278,Asia,71.993,10461.05868,12.51856063380282
876,Lesotho,1952,748747,Africa,42.138,298.8462121,-17.336439366197176
877,Lesotho,1957,813338,Africa,45.047,335.9971151,-14.427439366197177
878,Lesotho,1962,893143,Africa,47.747,411.8006266,-11.727439366197174
879,Lesotho,1967,996380,Africa,48.492,498.6390265,-10.982439366197177
880,Lesotho,1972,1116779,Africa,49.767,496.5815922,-9.707439366197171
881,Lesotho,1977,1251524,Africa,52.208,745.3695408,-7.266439366197176
882,Lesotho,1982,1411807,Africa,55.078,797.2631074,-4.396439366197171
883,Lesotho,1987,1599200,Africa,57.18,773.9932141,-2.2944393661971745
884,Lesotho,1992,1803195,Africa,59.685,977.4862725,0.21056063380282808
885,Lesotho,1997,1982823,Africa,55.558,1186.147994,-3.9164393661971744
886,Lesotho,2002,2046772,Africa,44.593,1275.184575,-14.88143936619717
887,Lesotho,2007,2012649,Africa,42.592,1569.331442,-16.882439366197175
888,Liberia,1952,863308,Africa,38.48,575.5729961,-20.994439366197177
889,Liberia,1957,975950,Africa,39.486,620.9699901,-19.988439366197177
890,Liberia,1962,1112796,Africa,40.502,634.1951625,-18.97243936619717
891,Liberia,1967,1279406,Africa,41.536,713.6036483,-17.938439366197173
892,Liberia,1972,1482628,Africa,42.614,803.0054535,-16.860439366197177
893,Liberia,1977,1703617,Africa,43.764,640.3224383,-15.710439366197171
894,Liberia,1982,1956875,Africa,44.852,572.1995694,-14.622439366197177
895,Liberia,1987,2269414,Africa,46.027,506.1138573,-13.447439366197173
896,Liberia,1992,1912974,Africa,40.802,636.6229191,-18.672439366197175
897,Liberia,1997,2200725,Africa,42.221,609.1739508,-17.253439366197178
898,Liberia,2002,2814651,Africa,43.753,531.4823679,-15.721439366197174
899,Liberia,2007,3193942,Africa,45.678,414.5073415,-13.796439366197177
900,Libya,1952,1019729,Africa,42.723,2387.54806,-16.751439366197175
901,Libya,1957,1201578,Africa,45.289,3448.284395,-14.185439366197173
902,Libya,1962,1441863,Africa,47.808,6757.030816,-11.666439366197174
903,Libya,1967,1759224,Africa,50.227,18772.75169,-9.247439366197177
904,Libya,1972,2183877,Africa,52.773,21011.49721,-6.701439366197171
905,Libya,1977,2721783,Africa,57.442,21951.21176,-2.032439366197174
906,Libya,1982,3344074,Africa,62.155,17364.27538,2.680560633802827
907,Libya,1987,3799845,Africa,66.234,11770.5898,6.7595606338028205
908,Libya,1992,4364501,Africa,68.755,9640.138501,9.280560633802821
909,Libya,1997,4759670,Africa,71.555,9467.446056,12.080560633802833
910,Libya,2002,5368585,Africa,72.737,9534.677467,13.26256063380282
911,Libya,2007,6036914,Africa,73.952,12057.49928,14.477560633802824
912,Madagascar,1952,4762912,Africa,36.681,1443.011715,-22.793439366197177
913,Madagascar,1957,5181679,Africa,38.865,1589.20275,-20.609439366197172
914,Madagascar,1962,5703324,Africa,40.848,1643.38711,-18.626439366197175
915,Madagascar,1967,6334556,Africa,42.881,1634.047282,-16.593439366197174
916,Madagascar,1972,7082430,Africa,44.851,1748.562982,-14.623439366197175
917,Madagascar,1977,8007166,Africa,46.881,1544.228586,-12.593439366197174
918,Madagascar,1982,9171477,Africa,48.969,1302.878658,-10.505439366197173
919,Madagascar,1987,10568642,Africa,49.35,1155.441948,-10.124439366197173
920,Madagascar,1992,12210395,Africa,52.214,1040.67619,-7.260439366197176
921,Madagascar,1997,14165114,Africa,54.978,986.2958956,-4.496439366197173
922,Madagascar,2002,16473477,Africa,57.286,894.6370822,-2.188439366197173
923,Madagascar,2007,19167654,Africa,59.443,1044.770126,-0.031439366197176355
924,Malawi,1952,2917802,Africa,36.256,369.1650802,-23.218439366197174
925,Malawi,1957,3221238,Africa,37.207,416.3698064,-22.267439366197173
926,Malawi,1962,3628608,Africa,38.41,427.9010856,-21.064439366197178
927,Malawi,1967,4147252,Africa,39.487,495.5147806,-19.987439366197172
928,Malawi,1972,4730997,Africa,41.766,584.6219709,-17.708439366197176
929,Malawi,1977,5637246,Africa,43.767,663.2236766,-15.707439366197171
930,Malawi,1982,6502825,Africa,45.642,632.8039209,-13.832439366197171
931,Malawi,1987,7824747,Africa,47.457,635.5173634,-12.017439366197173
932,Malawi,1992,10014249,Africa,49.42,563.2000145,-10.054439366197172
933,Malawi,1997,10419991,Africa,47.495,692.2758103,-11.979439366197177
934,Malawi,2002,11824495,Africa,45.009,665.4231186,-14.465439366197174
935,Malawi,2007,13327079,Africa,48.303,759.3499101,-11.171439366197177
936,Malaysia,1952,6748378,Asia,48.463,1831.132894,-11.011439366197173
937,Malaysia,1957,7739235,Asia,52.102,1810.066992,-7.372439366197177
938,Malaysia,1962,8906385,Asia,55.737,2036.884944,-3.7374393661971723
939,Malaysia,1967,10154878,Asia,59.371,2277.742396,-0.10343936619717198
940,Malaysia,1972,11441462,Asia,63.01,2849.09478,3.535560633802824
941,Malaysia,1977,12845381,Asia,65.256,3827.921571,5.781560633802826
942,Malaysia,1982,14441916,Asia,68.0,4920.355951,8.525560633802826
943,Malaysia,1987,16331785,Asia,69.5,5249.802653,10.025560633802826
944,Malaysia,1992,18319502,Asia,70.693,7277.912802,11.218560633802824
945,Malaysia,1997,20476091,Asia,71.938,10132.90964,12.463560633802828
946,Malaysia,2002,22662365,Asia,73.044,10206.97794,13.569560633802823
947,Malaysia,2007,24821286,Asia,74.241,12451.6558,14.766560633802825
948,Mali,1952,3838168,Africa,33.685,452.3369807,-25.789439366197172
949,Mali,1957,4241884,Africa,35.307,490.3821867,-24.167439366197172
950,Mali,1962,4690372,Africa,36.936,496.1743428,-22.538439366197174
951,Mali,1967,5212416,Africa,38.487,545.0098873,-20.987439366197172
952,Mali,1972,5828158,Africa,39.977,581.3688761,-19.497439366197177
953,Mali,1977,6491649,Africa,41.714,686.3952693,-17.760439366197176
954,Mali,1982,6998256,Africa,43.916,618.0140641,-15.558439366197177
955,Mali,1987,7634008,Africa,46.364,684.1715576,-13.110439366197177
956,Mali,1992,8416215,Africa,48.388,739.014375,-11.086439366197176
957,Mali,1997,9384984,Africa,49.903,790.2579846,-9.571439366197176
958,Mali,2002,10580176,Africa,51.818,951.4097518,-7.656439366197176
959,Mali,2007,12031795,Africa,54.467,1042.581557,-5.0074393661971754
960,Mauritania,1952,1022556,Africa,40.543,743.1159097,-18.931439366197175
961,Mauritania,1957,1076852,Africa,42.338,846.1202613,-17.136439366197173
962,Mauritania,1962,1146757,Africa,44.248,1055.896036,-15.226439366197177
963,Mauritania,1967,1230542,Africa,46.289,1421.145193,-13.185439366197173
964,Mauritania,1972,1332786,Africa,48.437,1586.851781,-11.037439366197177
965,Mauritania,1977,1456688,Africa,50.852,1497.492223,-8.622439366197177
966,Mauritania,1982,1622136,Africa,53.599,1481.150189,-5.8754393661971775
967,Mauritania,1987,1841240,Africa,56.145,1421.603576,-3.329439366197171
968,Mauritania,1992,2119465,Africa,58.333,1361.369784,-1.1414393661971758
969,Mauritania,1997,2444741,Africa,60.43,1483.136136,0.9555606338028255
970,Mauritania,2002,2828858,Africa,62.247,1579.019543,2.7725606338028257
971,Mauritania,2007,3270065,Africa,64.164,1803.151496,4.689560633802827
972,Mauritius,1952,516556,Africa,50.986,1967.955707,-8.488439366197177
973,Mauritius,1957,609816,Africa,58.089,2034.037981,-1.3854393661971756
974,Mauritius,1962,701016,Africa,60.246,2529.067487,0.771560633802828
975,Mauritius,1967,789309,Africa,61.557,2475.387562,2.082560633802828
976,Mauritius,1972,851334,Africa,62.944,2575.484158,3.4695606338028284
977,Mauritius,1977,913025,Africa,64.93,3710.982963,5.455560633802833
978,Mauritius,1982,992040,Africa,66.711,3688.037739,7.236560633802824
979,Mauritius,1987,1042663,Africa,68.74,4783.586903,9.26556063380282
980,Mauritius,1992,1096202,Africa,69.745,6058.253846,10.27056063380283
981,Mauritius,1997,1149818,Africa,70.736,7425.705295,11.26156063380283
982,Mauritius,2002,1200206,Africa,71.954,9021.815894,12.47956063380282
983,Mauritius,2007,1250882,Africa,72.801,10956.99112,13.326560633802828
984,Mexico,1952,30144317,Americas,50.789,3478.125529,-8.685439366197173
985,Mexico,1957,35015548,Americas,55.19,4131.546641,-4.2844393661971765
986,Mexico,1962,41121485,Americas,58.299,4581.609385,-1.1754393661971747
987,Mexico,1967,47995559,Americas,60.11,5754.733883,0.6355606338028252
988,Mexico,1972,55984294,Americas,62.361,6809.40669,2.886560633802823
989,Mexico,1977,63759976,Americas,65.032,7674.929108,5.557560633802822
990,Mexico,1982,71640904,Americas,67.405,9611.147541,7.930560633802827
991,Mexico,1987,80122492,Americas,69.498,8688.156003,10.02356063380283
992,Mexico,1992,88111030,Americas,71.455,9472.384295,11.980560633802824
993,Mexico,1997,95895146,Americas,73.67,9767.29753,14.195560633802828
994,Mexico,2002,102479927,Americas,74.902,10742.44053,15.427560633802827
995,Mexico,2007,108700891,Americas,76.195,11977.57496,16.72056063380282
996,Mongolia,1952,800663,Asia,42.244,786.5668575,-17.230439366197174
997,Mongolia,1957,882134,Asia,45.248,912.6626085,-14.226439366197177
998,Mongolia,1962,1010280,Asia,48.251,1056.353958,-11.223439366197177
999,Mongolia,1967,1149500,Asia,51.253,1226.04113,-8.221439366197174
1000,Mongolia,1972,1320500,Asia,53.754,1421.741975,-5.720439366197176
1001,Mongolia,1977,1528000,Asia,55.491,1647.511665,-3.9834393661971745
1002,Mongolia,1982,1756032,Asia,57.489,2000.603139,-1.985439366197177
1003,Mongolia,1987,2015133,Asia,60.222,2338.008304,0.7475606338028271
1004,Mongolia,1992,2312802,Asia,61.271,1785.402016,1.7965606338028266
1005,Mongolia,1997,2494803,Asia,63.625,1902.2521,4.150560633802826
1006,Mongolia,2002,2674234,Asia,65.033,2140.739323,5.558560633802827
1007,Mongolia,2007,2874127,Asia,66.803,3095.772271,7.328560633802823
1008,Montenegro,1952,413834,Europe,59.164,2647.585601,-0.3104393661971727
1009,Montenegro,1957,442829,Europe,61.448,3682.259903,1.9735606338028262
1010,Montenegro,1962,474528,Europe,63.728,4649.593785,4.253560633802827
1011,Montenegro,1967,501035,Europe,67.178,5907.850937,7.703560633802823
1012,Montenegro,1972,527678,Europe,70.636,7778.414017,11.161560633802821
1013,Montenegro,1977,560073,Europe,73.066,9595.929905,13.591560633802828
1014,Montenegro,1982,562548,Europe,74.101,11222.58762,14.626560633802825
1015,Montenegro,1987,569473,Europe,74.865,11732.51017,15.39056063380282
1016,Montenegro,1992,621621,Europe,75.435,7003.339037,15.960560633802828
1017,Montenegro,1997,692651,Europe,75.445,6465.613349,15.970560633802819
1018,Montenegro,2002,720230,Europe,73.981,6557.194282,14.50656063380282
1019,Montenegro,2007,684736,Europe,74.543,9253.896111,15.068560633802832
1020,Morocco,1952,9939217,Africa,42.873,1688.20357,-16.601439366197177
1021,Morocco,1957,11406350,Africa,45.423,1642.002314,-14.051439366197172
1022,Morocco,1962,13056604,Africa,47.924,1566.353493,-11.550439366197175
1023,Morocco,1967,14770296,Africa,50.335,1711.04477,-9.139439366197173
1024,Morocco,1972,16660670,Africa,52.862,1930.194975,-6.612439366197172
1025,Morocco,1977,18396941,Africa,55.73,2370.619976,-3.7444393661971773
1026,Morocco,1982,20198730,Africa,59.65,2702.620356,0.17556063380282438
1027,Morocco,1987,22987397,Africa,62.677,2755.046991,3.2025606338028254
1028,Morocco,1992,25798239,Africa,65.393,2948.047252,5.9185606338028265
1029,Morocco,1997,28529501,Africa,67.66,2982.101858,8.185560633802822
1030,Morocco,2002,31167783,Africa,69.615,3258.495584,10.14056063380282
1031,Morocco,2007,33757175,Africa,71.164,3820.17523,11.689560633802827
1032,Mozambique,1952,6446316,Africa,31.286,468.5260381,-28.188439366197173
1033,Mozambique,1957,7038035,Africa,33.779,495.5868333,-25.69543936619717
1034,Mozambique,1962,7788944,Africa,36.161,556.6863539,-23.313439366197173
1035,Mozambique,1967,8680909,Africa,38.113,566.6691539,-21.361439366197175
1036,Mozambique,1972,9809596,Africa,40.328,724.9178037,-19.14643936619717
1037,Mozambique,1977,11127868,Africa,42.495,502.3197334,-16.979439366197177
1038,Mozambique,1982,12587223,Africa,42.795,462.2114149,-16.679439366197172
1039,Mozambique,1987,12891952,Africa,42.861,389.8761846,-16.613439366197177
1040,Mozambique,1992,13160731,Africa,44.284,410.8968239,-15.190439366197175
1041,Mozambique,1997,16603334,Africa,46.344,472.3460771,-13.130439366197173
1042,Mozambique,2002,18473780,Africa,44.026,633.6179466,-15.44843936619717
1043,Mozambique,2007,19951656,Africa,42.082,823.6856205,-17.392439366197173
1044,Myanmar,1952,20092996,Asia,36.319,331.0,-23.15543936619717
1045,Myanmar,1957,21731844,Asia,41.905,350.0,-17.569439366197173
1046,Myanmar,1962,23634436,Asia,45.108,388.0,-14.366439366197177
1047,Myanmar,1967,25870271,Asia,49.379,349.0,-10.095439366197176
1048,Myanmar,1972,28466390,Asia,53.07,357.0,-6.404439366197174
1049,Myanmar,1977,31528087,Asia,56.059,371.0,-3.4154393661971767
1050,Myanmar,1982,34680442,Asia,58.056,424.0,-1.4184393661971768
1051,Myanmar,1987,38028578,Asia,58.339,385.0,-1.1354393661971756
1052,Myanmar,1992,40546538,Asia,59.32,347.0,-0.1544393661971739
1053,Myanmar,1997,43247867,Asia,60.328,415.0,0.8535606338028288
1054,Myanmar,2002,45598081,Asia,59.908,611.0,0.43356063380282706
1055,Myanmar,2007,47761980,Asia,62.069,944.0,2.5945606338028284
1056,Namibia,1952,485831,Africa,41.725,2423.780443,-17.749439366197173
1057,Namibia,1957,548080,Africa,45.226,2621.448058,-14.248439366197175
1058,Namibia,1962,621392,Africa,48.386,3173.215595,-11.088439366197171
1059,Namibia,1967,706640,Africa,51.159,3793.694753,-8.315439366197175
1060,Namibia,1972,821782,Africa,53.867,3746.080948,-5.607439366197177
1061,Namibia,1977,977026,Africa,56.437,3876.485958,-3.0374393661971766
1062,Namibia,1982,1099010,Africa,58.968,4191.100511,-0.5064393661971707
1063,Namibia,1987,1278184,Africa,60.835,3693.731337,1.3605606338028267
1064,Namibia,1992,1554253,Africa,61.999,3804.537999,2.524560633802828
1065,Namibia,1997,1774766,Africa,58.909,3899.52426,-0.5654393661971753
1066,Namibia,2002,1972153,Africa,51.479,4072.324751,-7.995439366197175
1067,Namibia,2007,2055080,Africa,52.906,4811.060429,-6.568439366197175
1068,Nepal,1952,9182536,Asia,36.157,545.8657229,-23.317439366197178
1069,Nepal,1957,9682338,Asia,37.686,597.9363558,-21.788439366197174
1070,Nepal,1962,10332057,Asia,39.393,652.3968593,-20.081439366197174
1071,Nepal,1967,11261690,Asia,41.472,676.4422254,-18.002439366197173
1072,Nepal,1972,12412593,Asia,43.971,674.7881296,-15.503439366197178
1073,Nepal,1977,13933198,Asia,46.748,694.1124398,-12.726439366197177
1074,Nepal,1982,15796314,Asia,49.594,718.3730947,-9.880439366197173
1075,Nepal,1987,17917180,Asia,52.537,775.6324501,-6.937439366197175
1076,Nepal,1992,20326209,Asia,55.727,897.7403604,-3.7474393661971774
1077,Nepal,1997,23001113,Asia,59.426,1010.892138,-0.04843936619717226
1078,Nepal,2002,25873917,Asia,61.34,1057.206311,1.8655606338028292
1079,Nepal,2007,28901790,Asia,63.785,1091.359778,4.310560633802822
1080,Netherlands,1952,10381988,Europe,72.13,8941.571858,12.655560633802821
1081,Netherlands,1957,11026383,Europe,72.99,11276.19344,13.51556063380282
1082,Netherlands,1962,11805689,Europe,73.23,12790.84956,13.75556063380283
1083,Netherlands,1967,12596822,Europe,73.82,15363.25136,14.345560633802819
1084,Netherlands,1972,13329874,Europe,73.75,18794.74567,14.275560633802826
1085,Netherlands,1977,13852989,Europe,75.24,21209.0592,15.76556063380282
1086,Netherlands,1982,14310401,Europe,76.05,21399.46046,16.575560633802823
1087,Netherlands,1987,14665278,Europe,76.83,23651.32361,17.355560633802824
1088,Netherlands,1992,15174244,Europe,77.42,26790.94961,17.945560633802828
1089,Netherlands,1997,15604464,Europe,78.03,30246.13063,18.555560633802827
1090,Netherlands,2002,16122830,Europe,78.53,33724.75778,19.055560633802827
1091,Netherlands,2007,16570613,Europe,79.762,36797.93332,20.287560633802826
1092,New Zealand,1952,1994794,Oceania,69.39,10556.57566,9.915560633802826
1093,New Zealand,1957,2229407,Oceania,70.26,12247.39532,10.785560633802831
1094,New Zealand,1962,2488550,Oceania,71.24,13175.678,11.76556063380282
1095,New Zealand,1967,2728150,Oceania,71.52,14463.91893,12.045560633802822
1096,New Zealand,1972,2929100,Oceania,71.89,16046.03728,12.415560633802826
1097,New Zealand,1977,3164900,Oceania,72.22,16233.7177,12.745560633802825
1098,New Zealand,1982,3210650,Oceania,73.84,17632.4104,14.36556063380283
1099,New Zealand,1987,3317166,Oceania,74.32,19007.19129,14.845560633802819
1100,New Zealand,1992,3437674,Oceania,76.33,18363.32494,16.855560633802824
1101,New Zealand,1997,3676187,Oceania,77.55,21050.41377,18.075560633802823
1102,New Zealand,2002,3908037,Oceania,79.11,23189.80135,19.635560633802825
1103,New Zealand,2007,4115771,Oceania,80.204,25185.00911,20.72956063380282
1104,Nicaragua,1952,1165790,Americas,42.314,3112.363948,-17.160439366197174
1105,Nicaragua,1957,1358828,Americas,45.432,3457.415947,-14.042439366197172
1106,Nicaragua,1962,1590597,Americas,48.632,3634.364406,-10.842439366197176
1107,Nicaragua,1967,1865490,Americas,51.884,4643.393534,-7.590439366197174
1108,Nicaragua,1972,2182908,Americas,55.151,4688.593267,-4.323439366197171
1109,Nicaragua,1977,2554598,Americas,57.47,5486.371089,-2.0044393661971753
1110,Nicaragua,1982,2979423,Americas,59.298,3470.338156,-0.17643936619717238
1111,Nicaragua,1987,3344353,Americas,62.008,2955.984375,2.5335606338028285
1112,Nicaragua,1992,4017939,Americas,65.843,2170.151724,6.368560633802829
1113,Nicaragua,1997,4609572,Americas,68.426,2253.023004,8.951560633802828
1114,Nicaragua,2002,5146848,Americas,70.836,2474.548819,11.361560633802824
1115,Nicaragua,2007,5675356,Americas,72.899,2749.320965,13.424560633802827
1116,Niger,1952,3379468,Africa,37.444,761.879376,-22.03043936619717
1117,Niger,1957,3692184,Africa,38.598,835.5234025,-20.876439366197175
1118,Niger,1962,4076008,Africa,39.487,997.7661127,-19.987439366197172
1119,Niger,1967,4534062,Africa,40.118,1054.384891,-19.356439366197172
1120,Niger,1972,5060262,Africa,40.546,954.2092363,-18.928439366197175
1121,Niger,1977,5682086,Africa,41.291,808.8970728,-18.183439366197177
1122,Niger,1982,6437188,Africa,42.598,909.7221354,-16.876439366197175
1123,Niger,1987,7332638,Africa,44.555,668.3000228,-14.919439366197174
1124,Niger,1992,8392818,Africa,47.391,581.182725,-12.083439366197176
1125,Niger,1997,9666252,Africa,51.313,580.3052092,-8.161439366197172
1126,Niger,2002,11140655,Africa,54.496,601.0745012,-4.978439366197172
1127,Niger,2007,12894865,Africa,56.867,619.6768924,-2.607439366197177
1128,Nigeria,1952,33119096,Africa,36.324,1077.281856,-23.150439366197176
1129,Nigeria,1957,37173340,Africa,37.802,1100.592563,-21.672439366197175
1130,Nigeria,1962,41871351,Africa,39.36,1150.927478,-20.114439366197175
1131,Nigeria,1967,47287752,Africa,41.04,1014.514104,-18.434439366197175
1132,Nigeria,1972,53740085,Africa,42.821,1698.388838,-16.653439366197176
1133,Nigeria,1977,62209173,Africa,44.514,1981.951806,-14.960439366197171
1134,Nigeria,1982,73039376,Africa,45.826,1576.97375,-13.648439366197174
1135,Nigeria,1987,81551520,Africa,46.886,1385.029563,-12.588439366197171
1136,Nigeria,1992,93364244,Africa,47.472,1619.848217,-12.002439366197173
1137,Nigeria,1997,106207839,Africa,47.464,1624.941275,-12.010439366197176
1138,Nigeria,2002,119901274,Africa,46.608,1615.286395,-12.866439366197177
1139,Nigeria,2007,135031164,Africa,46.859,2013.977305,-12.615439366197172
1140,Norway,1952,3327728,Europe,72.67,10095.42172,13.195560633802828
1141,Norway,1957,3491938,Europe,73.44,11653.97304,13.965560633802824
1142,Norway,1962,3638919,Europe,73.47,13450.40151,13.995560633802825
1143,Norway,1967,3786019,Europe,74.08,16361.87647,14.605560633802824
1144,Norway,1972,3933004,Europe,74.34,18965.05551,14.86556063380283
1145,Norway,1977,4043205,Europe,75.37,23311.34939,15.89556063380283
1146,Norway,1982,4114787,Europe,75.97,26298.63531,16.495560633802825
1147,Norway,1987,4186147,Europe,75.89,31540.9748,16.415560633802826
1148,Norway,1992,4286357,Europe,77.32,33965.66115,17.84556063380282
1149,Norway,1997,4405672,Europe,78.32,41283.16433,18.84556063380282
1150,Norway,2002,4535591,Europe,79.05,44683.97525,19.575560633802823
1151,Norway,2007,4627926,Europe,80.196,49357.19017,20.721560633802824
1152,Oman,1952,507833,Asia,37.578,1828.230307,-21.89643936619717
1153,Oman,1957,561977,Asia,40.08,2242.746551,-19.394439366197176
1154,Oman,1962,628164,Asia,43.165,2924.638113,-16.309439366197175
1155,Oman,1967,714775,Asia,46.988,4720.942687,-12.486439366197175
1156,Oman,1972,829050,Asia,52.143,10618.03855,-7.3314393661971735
1157,Oman,1977,1004533,Asia,57.367,11848.34392,-2.107439366197177
1158,Oman,1982,1301048,Asia,62.728,12954.79101,3.2535606338028273
1159,Oman,1987,1593882,Asia,67.734,18115.22313,8.25956063380282
1160,Oman,1992,1915208,Asia,71.197,18616.70691,11.722560633802829
1161,Oman,1997,2283635,Asia,72.499,19702.05581,13.024560633802821
1162,Oman,2002,2713462,Asia,74.193,19774.83687,14.718560633802824
1163,Oman,2007,3204897,Asia,75.64,22316.19287,16.165560633802826
1164,Pakistan,1952,41346560,Asia,43.436,684.5971438,-16.038439366197174
1165,Pakistan,1957,46679944,Asia,45.557,747.0835292,-13.917439366197172
1166,Pakistan,1962,53100671,Asia,47.67,803.3427418,-11.804439366197172
1167,Pakistan,1967,60641899,Asia,49.8,942.4082588,-9.674439366197177
1168,Pakistan,1972,69325921,Asia,51.929,1049.938981,-7.545439366197172
1169,Pakistan,1977,78152686,Asia,54.043,1175.921193,-5.431439366197175
1170,Pakistan,1982,91462088,Asia,56.158,1443.429832,-3.316439366197173
1171,Pakistan,1987,105186881,Asia,58.245,1704.686583,-1.2294393661971768
1172,Pakistan,1992,120065004,Asia,60.838,1971.829464,1.3635606338028268
1173,Pakistan,1997,135564834,Asia,61.818,2049.350521,2.3435606338028236
1174,Pakistan,2002,153403524,Asia,63.61,2092.712441,4.135560633802825
1175,Pakistan,2007,169270617,Asia,65.483,2605.94758,6.00856063380283
1176,Panama,1952,940080,Americas,55.191,2480.380334,-4.283439366197172
1177,Panama,1957,1063506,Americas,59.201,2961.800905,-0.2734393661971737
1178,Panama,1962,1215725,Americas,61.817,3536.540301,2.342560633802826
1179,Panama,1967,1405486,Americas,64.071,4421.009084,4.596560633802824
1180,Panama,1972,1616384,Americas,66.216,5364.249663,6.74156063380282
1181,Panama,1977,1839782,Americas,68.681,5351.912144,9.206560633802823
1182,Panama,1982,2036305,Americas,70.472,7009.601598,10.99756063380282
1183,Panama,1987,2253639,Americas,71.523,7034.779161,12.048560633802822
1184,Panama,1992,2484997,Americas,72.462,6618.74305,12.987560633802829
1185,Panama,1997,2734531,Americas,73.738,7113.692252,14.263560633802825
1186,Panama,2002,2990875,Americas,74.712,7356.031934,15.237560633802829
1187,Panama,2007,3242173,Americas,75.537,9809.185636,16.062560633802832
1188,Paraguay,1952,1555876,Americas,62.649,1952.308701,3.1745606338028267
1189,Paraguay,1957,1770902,Americas,63.196,2046.154706,3.7215606338028238
1190,Paraguay,1962,2009813,Americas,64.361,2148.027146,4.88656063380283
1191,Paraguay,1967,2287985,Americas,64.951,2299.376311,5.476560633802819
1192,Paraguay,1972,2614104,Americas,65.815,2523.337977,6.3405606338028235
1193,Paraguay,1977,2984494,Americas,66.353,3248.373311,6.87856063380282
1194,Paraguay,1982,3366439,Americas,66.874,4258.503604,7.399560633802821
1195,Paraguay,1987,3886512,Americas,67.378,3998.875695,7.903560633802826
1196,Paraguay,1992,4483945,Americas,68.225,4196.411078,8.75056063380282
1197,Paraguay,1997,5154123,Americas,69.4,4247.400261,9.925560633802831
1198,Paraguay,2002,5884491,Americas,70.755,3783.674243,11.280560633802821
1199,Paraguay,2007,6667147,Americas,71.752,4172.838464,12.277560633802821
1200,Peru,1952,8025700,Americas,43.902,3758.523437,-15.572439366197173
1201,Peru,1957,9146100,Americas,46.263,4245.256698,-13.211439366197176
1202,Peru,1962,10516500,Americas,49.096,4957.037982,-10.378439366197178
1203,Peru,1967,12132200,Americas,51.445,5788.09333,-8.029439366197174
1204,Peru,1972,13954700,Americas,55.448,5937.827283,-4.026439366197174
1205,Peru,1977,15990099,Americas,58.447,6281.290855,-1.0274393661971715
1206,Peru,1982,18125129,Americas,61.406,6434.501797,1.9315606338028246
1207,Peru,1987,20195924,Americas,64.134,6360.943444,4.659560633802826
1208,Peru,1992,22430449,Americas,66.458,4446.380924,6.983560633802824
1209,Peru,1997,24748122,Americas,68.386,5838.347657,8.911560633802821
1210,Peru,2002,26769436,Americas,69.906,5909.020073,10.431560633802832
1211,Peru,2007,28674757,Americas,71.421,7408.905561,11.946560633802832
1212,Philippines,1952,22438691,Asia,47.752,1272.880995,-11.722439366197172
1213,Philippines,1957,26072194,Asia,51.334,1547.944844,-8.140439366197171
1214,Philippines,1962,30325264,Asia,54.757,1649.552153,-4.717439366197176
1215,Philippines,1967,35356600,Asia,56.393,1814.12743,-3.0814393661971735
1216,Philippines,1972,40850141,Asia,58.065,1989.37407,-1.4094393661971765
1217,Philippines,1977,46850962,Asia,60.06,2373.204287,0.5855606338028281
1218,Philippines,1982,53456774,Asia,62.082,2603.273765,2.6075606338028265
1219,Philippines,1987,60017788,Asia,64.151,2189.634995,4.676560633802822
1220,Philippines,1992,67185766,Asia,66.458,2279.324017,6.983560633802824
1221,Philippines,1997,75012988,Asia,68.564,2536.534925,9.089560633802819
1222,Philippines,2002,82995088,Asia,70.303,2650.921068,10.828560633802823
1223,Philippines,2007,91077287,Asia,71.688,3190.481016,12.213560633802828
1224,Poland,1952,25730551,Europe,61.31,4029.329699,1.835560633802828
1225,Poland,1957,28235346,Europe,65.77,4734.253019,6.295560633802822
1226,Poland,1962,30329617,Europe,67.64,5338.752143,8.165560633802826
1227,Poland,1967,31785378,Europe,69.61,6557.152776,10.135560633802825
1228,Poland,1972,33039545,Europe,70.85,8006.506993,11.37556063380282
1229,Poland,1977,34621254,Europe,70.67,9508.141454,11.195560633802828
1230,Poland,1982,36227381,Europe,71.32,8451.531004,11.845560633802819
1231,Poland,1987,37740710,Europe,70.98,9082.351172,11.50556063380283
1232,Poland,1992,38370697,Europe,70.99,7738.881247,11.51556063380282
1233,Poland,1997,38654957,Europe,72.75,10159.58368,13.275560633802826
1234,Poland,2002,38625976,Europe,74.67,12002.23908,15.195560633802828
1235,Poland,2007,38518241,Europe,75.563,15389.92468,16.088560633802828
1236,Portugal,1952,8526050,Europe,59.82,3068.319867,0.3455606338028261
1237,Portugal,1957,8817650,Europe,61.51,3774.571743,2.035560633802824
1238,Portugal,1962,9019800,Europe,64.39,4727.954889,4.915560633802826
1239,Portugal,1967,9103000,Europe,66.6,6361.517993,7.12556063380282
1240,Portugal,1972,8970450,Europe,69.26,9022.247417,9.785560633802831
1241,Portugal,1977,9662600,Europe,70.41,10172.48572,10.935560633802822
1242,Portugal,1982,9859650,Europe,72.77,11753.84291,13.295560633802822
1243,Portugal,1987,9915289,Europe,74.06,13039.30876,14.585560633802828
1244,Portugal,1992,9927680,Europe,74.86,16207.26663,15.385560633802825
1245,Portugal,1997,10156415,Europe,75.97,17641.03156,16.495560633802825
1246,Portugal,2002,10433867,Europe,77.29,19970.90787,17.815560633802832
1247,Portugal,2007,10642836,Europe,78.098,20509.64777,18.623560633802825
1248,Puerto Rico,1952,2227000,Americas,64.28,3081.959785,4.805560633802827
1249,Puerto Rico,1957,2260000,Americas,68.54,3907.156189,9.065560633802832
1250,Puerto Rico,1962,2448046,Americas,69.62,5108.34463,10.14556063380283
1251,Puerto Rico,1967,2648961,Americas,71.1,6929.277714,11.62556063380282
1252,Puerto Rico,1972,2847132,Americas,72.16,9123.041742,12.685560633802822
1253,Puerto Rico,1977,3080828,Americas,73.44,9770.524921,13.965560633802824
1254,Puerto Rico,1982,3279001,Americas,73.75,10330.98915,14.275560633802826
1255,Puerto Rico,1987,3444468,Americas,74.63,12281.34191,15.155560633802821
1256,Puerto Rico,1992,3585176,Americas,73.911,14641.58711,14.436560633802827
1257,Puerto Rico,1997,3759430,Americas,74.917,16999.4333,15.442560633802827
1258,Puerto Rico,2002,3859606,Americas,77.778,18855.60618,18.30356063380283
1259,Puerto Rico,2007,3942491,Americas,78.746,19328.70901,19.27156063380282
1260,Reunion,1952,257700,Africa,52.724,2718.885295,-6.7504393661971775
1261,Reunion,1957,308700,Africa,55.09,2769.451844,-4.384439366197171
1262,Reunion,1962,358900,Africa,57.666,3173.72334,-1.8084393661971774
1263,Reunion,1967,414024,Africa,60.542,4021.175739,1.0675606338028274
1264,Reunion,1972,461633,Africa,64.274,5047.658563,4.799560633802827
1265,Reunion,1977,492095,Africa,67.064,4319.804067,7.589560633802819
1266,Reunion,1982,517810,Africa,69.885,5267.219353,10.410560633802831
1267,Reunion,1987,562035,Africa,71.913,5303.377488,12.438560633802823
1268,Reunion,1992,622191,Africa,73.615,6101.255823,14.14056063380282
1269,Reunion,1997,684810,Africa,74.772,6071.941411,15.297560633802831
1270,Reunion,2002,743981,Africa,75.744,6316.1652,16.269560633802826
1271,Reunion,2007,798094,Africa,76.442,7670.122558,16.96756063380282
1272,Romania,1952,16630000,Europe,61.05,3144.613186,1.575560633802823
1273,Romania,1957,17829327,Europe,64.1,3943.370225,4.62556063380282
1274,Romania,1962,18680721,Europe,66.8,4734.997586,7.325560633802823
1275,Romania,1967,19284814,Europe,66.8,6470.866545,7.325560633802823
1276,Romania,1972,20662648,Europe,69.21,8011.414402,9.73556063380282
1277,Romania,1977,21658597,Europe,69.46,9356.39724,9.98556063380282
1278,Romania,1982,22356726,Europe,69.66,9605.314053,10.185560633802822
1279,Romania,1987,22686371,Europe,69.53,9696.273295,10.055560633802827
1280,Romania,1992,22797027,Europe,69.36,6598.409903,9.885560633802825
1281,Romania,1997,22562458,Europe,69.72,7346.547557,10.245560633802825
1282,Romania,2002,22404337,Europe,71.322,7885.360081,11.847560633802829
1283,Romania,2007,22276056,Europe,72.476,10808.47561,13.001560633802825
1284,Rwanda,1952,2534927,Africa,40.0,493.3238752,-19.474439366197174
1285,Rwanda,1957,2822082,Africa,41.5,540.2893983,-17.974439366197174
1286,Rwanda,1962,3051242,Africa,43.0,597.4730727,-16.474439366197174
1287,Rwanda,1967,3451079,Africa,44.1,510.9637142,-15.374439366197173
1288,Rwanda,1972,3992121,Africa,44.6,590.5806638,-14.874439366197173
1289,Rwanda,1977,4657072,Africa,45.0,670.0806011,-14.474439366197174
1290,Rwanda,1982,5507565,Africa,46.218,881.5706467,-13.25643936619717
1291,Rwanda,1987,6349365,Africa,44.02,847.991217,-15.454439366197171
1292,Rwanda,1992,7290203,Africa,23.599,737.0685949,-35.87543936619717
1293,Rwanda,1997,7212583,Africa,36.087,589.9445051,-23.38743936619717
1294,Rwanda,2002,7852401,Africa,43.413,785.6537648,-16.061439366197177
1295,Rwanda,2007,8860588,Africa,46.242,863.0884639,-13.232439366197177
1296,Sao Tome and Principe,1952,60011,Africa,46.471,879.5835855,-13.003439366197178
1297,Sao Tome and Principe,1957,61325,Africa,48.945,860.7369026,-10.529439366197174
1298,Sao Tome and Principe,1962,65345,Africa,51.893,1071.551119,-7.5814393661971735
1299,Sao Tome and Principe,1967,70787,Africa,54.425,1384.840593,-5.049439366197177
1300,Sao Tome and Principe,1972,76595,Africa,56.48,1532.985254,-2.9944393661971773
1301,Sao Tome and Principe,1977,86796,Africa,58.55,1737.561657,-0.924439366197177
1302,Sao Tome and Principe,1982,98593,Africa,60.351,1890.218117,0.8765606338028249
1303,Sao Tome and Principe,1987,110812,Africa,61.728,1516.525457,2.2535606338028273
1304,Sao Tome and Principe,1992,125911,Africa,62.742,1428.777814,3.267560633802823
1305,Sao Tome and Principe,1997,145608,Africa,63.306,1339.076036,3.831560633802823
1306,Sao Tome and Principe,2002,170372,Africa,64.337,1353.09239,4.862560633802829
1307,Sao Tome and Principe,2007,199579,Africa,65.528,1598.435089,6.053560633802832
1308,Saudi Arabia,1952,4005677,Asia,39.875,6459.554823,-19.599439366197174
1309,Saudi Arabia,1957,4419650,Asia,42.868,8157.591248,-16.606439366197172
1310,Saudi Arabia,1962,4943029,Asia,45.914,11626.41975,-13.560439366197173
1311,Saudi Arabia,1967,5618198,Asia,49.901,16903.04886,-9.57343936619717
1312,Saudi Arabia,1972,6472756,Asia,53.886,24837.42865,-5.588439366197171
1313,Saudi Arabia,1977,8128505,Asia,58.69,34167.7626,-0.7844393661971765
1314,Saudi Arabia,1982,11254672,Asia,63.012,33693.17525,3.5375606338028263
1315,Saudi Arabia,1987,14619745,Asia,66.295,21198.26136,6.8205606338028275
1316,Saudi Arabia,1992,16945857,Asia,68.768,24841.61777,9.293560633802826
1317,Saudi Arabia,1997,21229759,Asia,70.533,20586.69019,11.058560633802827
1318,Saudi Arabia,2002,24501530,Asia,71.626,19014.54118,12.15156063380283
1319,Saudi Arabia,2007,27601038,Asia,72.777,21654.83194,13.302560633802827
1320,Senegal,1952,2755589,Africa,37.278,1450.356983,-22.196439366197176
1321,Senegal,1957,3054547,Africa,39.329,1567.653006,-20.145439366197174
1322,Senegal,1962,3430243,Africa,41.454,1654.988723,-18.020439366197174
1323,Senegal,1967,3965841,Africa,43.563,1612.404632,-15.911439366197172
1324,Senegal,1972,4588696,Africa,45.815,1597.712056,-13.659439366197176
1325,Senegal,1977,5260855,Africa,48.879,1561.769116,-10.595439366197176
1326,Senegal,1982,6147783,Africa,52.379,1518.479984,-7.095439366197176
1327,Senegal,1987,7171347,Africa,55.769,1441.72072,-3.705439366197176
1328,Senegal,1992,8307920,Africa,58.196,1367.899369,-1.2784393661971762
1329,Senegal,1997,9535314,Africa,60.187,1392.368347,0.7125606338028234
1330,Senegal,2002,10870037,Africa,61.6,1519.635262,2.1255606338028272
1331,Senegal,2007,12267493,Africa,63.062,1712.472136,3.5875606338028234
1332,Serbia,1952,6860147,Europe,57.996,3581.459448,-1.478439366197172
1333,Serbia,1957,7271135,Europe,61.685,4981.090891,2.210560633802828
1334,Serbia,1962,7616060,Europe,64.531,6289.629157,5.056560633802832
1335,Serbia,1967,7971222,Europe,66.914,7991.707066,7.439560633802827
1336,Serbia,1972,8313288,Europe,68.7,10522.06749,9.225560633802829
1337,Serbia,1977,8686367,Europe,70.3,12980.66956,10.825560633802823
1338,Serbia,1982,9032824,Europe,70.162,15181.0927,10.687560633802832
1339,Serbia,1987,9230783,Europe,71.218,15870.87851,11.74356063380283
1340,Serbia,1992,9826397,Europe,71.659,9325.068238,12.184560633802832
1341,Serbia,1997,10336594,Europe,72.232,7914.320304,12.757560633802825
1342,Serbia,2002,10111559,Europe,73.213,7236.075251,13.73856063380282
1343,Serbia,2007,10150265,Europe,74.002,9786.534714,14.527560633802821
1344,Sierra Leone,1952,2143249,Africa,30.331,879.7877358,-29.143439366197175
1345,Sierra Leone,1957,2295678,Africa,31.57,1004.484437,-27.904439366197174
1346,Sierra Leone,1962,2467895,Africa,32.767,1116.639877,-26.70743936619717
1347,Sierra Leone,1967,2662190,Africa,34.113,1206.043465,-25.361439366197175
1348,Sierra Leone,1972,2879013,Africa,35.4,1353.759762,-24.074439366197176
1349,Sierra Leone,1977,3140897,Africa,36.788,1348.285159,-22.686439366197177
1350,Sierra Leone,1982,3464522,Africa,38.445,1465.010784,-21.029439366197174
1351,Sierra Leone,1987,3868905,Africa,40.006,1294.447788,-19.468439366197174
1352,Sierra Leone,1992,4260884,Africa,38.333,1068.696278,-21.141439366197176
1353,Sierra Leone,1997,4578212,Africa,39.897,574.6481576,-19.577439366197176
1354,Sierra Leone,2002,5359092,Africa,41.012,699.489713,-18.462439366197174
1355,Sierra Leone,2007,6144562,Africa,42.568,862.5407561,-16.906439366197176
1356,Singapore,1952,1127000,Asia,60.396,2315.138227,0.9215606338028266
1357,Singapore,1957,1445929,Asia,63.179,2843.104409,3.704560633802828
1358,Singapore,1962,1750200,Asia,65.798,3674.735572,6.323560633802828
1359,Singapore,1967,1977600,Asia,67.946,4977.41854,8.471560633802824
1360,Singapore,1972,2152400,Asia,69.521,8597.756202,10.046560633802827
1361,Singapore,1977,2325300,Asia,70.795,11210.08948,11.320560633802828
1362,Singapore,1982,2651869,Asia,71.76,15169.16112,12.285560633802831
1363,Singapore,1987,2794552,Asia,73.56,18861.53081,14.085560633802828
1364,Singapore,1992,3235865,Asia,75.788,24769.8912,16.313560633802823
1365,Singapore,1997,3802309,Asia,77.158,33519.4766,17.683560633802827
1366,Singapore,2002,4197776,Asia,78.77,36023.1054,19.295560633802822
1367,Singapore,2007,4553009,Asia,79.972,47143.17964,20.49756063380282
1368,Slovak Republic,1952,3558137,Europe,64.36,5074.659104,4.885560633802825
1369,Slovak Republic,1957,3844277,Europe,67.45,6093.26298,7.975560633802829
1370,Slovak Republic,1962,4237384,Europe,70.33,7481.107598,10.855560633802824
1371,Slovak Republic,1967,4442238,Europe,70.98,8412.902397,11.50556063380283
1372,Slovak Republic,1972,4593433,Europe,70.35,9674.167626,10.87556063380282
1373,Slovak Republic,1977,4827803,Europe,70.45,10922.66404,10.975560633802829
1374,Slovak Republic,1982,5048043,Europe,70.8,11348.54585,11.325560633802823
1375,Slovak Republic,1987,5199318,Europe,71.08,12037.26758,11.605560633802824
1376,Slovak Republic,1992,5302888,Europe,71.38,9498.467723,11.905560633802821
1377,Slovak Republic,1997,5383010,Europe,72.71,12126.23065,13.23556063380282
1378,Slovak Republic,2002,5410052,Europe,73.8,13638.77837,14.325560633802823
1379,Slovak Republic,2007,5447502,Europe,74.663,18678.31435,15.188560633802823
1380,Slovenia,1952,1489518,Europe,65.57,4215.041741,6.095560633802819
1381,Slovenia,1957,1533070,Europe,67.85,5862.276629,8.37556063380282
1382,Slovenia,1962,1582962,Europe,69.15,7402.303395,9.675560633802831
1383,Slovenia,1967,1646912,Europe,69.18,9405.489397,9.705560633802833
1384,Slovenia,1972,1694510,Europe,69.82,12383.4862,10.345560633802819
1385,Slovenia,1977,1746919,Europe,70.97,15277.03017,11.495560633802825
1386,Slovenia,1982,1861252,Europe,71.063,17866.72175,11.588560633802828
1387,Slovenia,1987,1945870,Europe,72.25,18678.53492,12.775560633802826
1388,Slovenia,1992,1999210,Europe,73.64,14214.71681,14.165560633802826
1389,Slovenia,1997,2011612,Europe,75.13,17161.10735,15.655560633802821
1390,Slovenia,2002,2011497,Europe,76.66,20660.01936,17.185560633802822
1391,Slovenia,2007,2009245,Europe,77.926,25768.25759,18.451560633802828
1392,Somalia,1952,2526994,Africa,32.978,1135.749842,-26.496439366197173
1393,Somalia,1957,2780415,Africa,34.977,1258.147413,-24.497439366197177
1394,Somalia,1962,3080153,Africa,36.981,1369.488336,-22.493439366197173
1395,Somalia,1967,3428839,Africa,38.977,1284.73318,-20.497439366197177
1396,Somalia,1972,3840161,Africa,40.973,1254.576127,-18.501439366197175
1397,Somalia,1977,4353666,Africa,41.974,1450.992513,-17.500439366197178
1398,Somalia,1982,5828892,Africa,42.955,1176.807031,-16.519439366197176
1399,Somalia,1987,6921858,Africa,44.501,1093.244963,-14.973439366197177
1400,Somalia,1992,6099799,Africa,39.658,926.9602964,-19.816439366197173
1401,Somalia,1997,6633514,Africa,43.795,930.5964284,-15.679439366197172
1402,Somalia,2002,7753310,Africa,45.936,882.0818218,-13.538439366197174
1403,Somalia,2007,9118773,Africa,48.159,926.1410683,-11.315439366197175
1404,South Africa,1952,14264935,Africa,45.009,4725.295531,-14.465439366197174
1405,South Africa,1957,16151549,Africa,47.985,5487.104219,-11.489439366197175
1406,South Africa,1962,18356657,Africa,49.951,5768.729717,-9.523439366197174
1407,South Africa,1967,20997321,Africa,51.927,7114.477971,-7.547439366197175
1408,South Africa,1972,23935810,Africa,53.696,7765.962636,-5.778439366197176
1409,South Africa,1977,27129932,Africa,55.527,8028.651439,-3.947439366197173
1410,South Africa,1982,31140029,Africa,58.161,8568.266228,-1.3134393661971728
1411,South Africa,1987,35933379,Africa,60.834,7825.823398,1.359560633802829
1412,South Africa,1992,39964159,Africa,61.888,7225.069258,2.413560633802824
1413,South Africa,1997,42835005,Africa,60.236,7479.188244,0.7615606338028229
1414,South Africa,2002,44433622,Africa,53.365,7710.946444,-6.109439366197172
1415,South Africa,2007,43997828,Africa,49.339,9269.657808,-10.135439366197176
1416,Spain,1952,28549870,Europe,64.94,3834.034742,5.4655606338028235
1417,Spain,1957,29841614,Europe,66.66,4564.80241,7.185560633802822
1418,Spain,1962,31158061,Europe,69.69,5693.843879,10.215560633802824
1419,Spain,1967,32850275,Europe,71.44,7993.512294,11.965560633802824
1420,Spain,1972,34513161,Europe,73.06,10638.75131,13.585560633802828
1421,Spain,1977,36439000,Europe,74.39,13236.92117,14.915560633802826
1422,Spain,1982,37983310,Europe,76.3,13926.16997,16.825560633802823
1423,Spain,1987,38880702,Europe,76.9,15764.98313,17.42556063380283
1424,Spain,1992,39549438,Europe,77.57,18603.06452,18.09556063380282
1425,Spain,1997,39855442,Europe,78.77,20445.29896,19.295560633802822
1426,Spain,2002,40152517,Europe,79.78,24835.47166,20.305560633802827
1427,Spain,2007,40448191,Europe,80.941,28821.0637,21.46656063380283
1428,Sri Lanka,1952,7982342,Asia,57.593,1083.53203,-1.8814393661971707
1429,Sri Lanka,1957,9128546,Asia,61.456,1072.546602,1.9815606338028289
1430,Sri Lanka,1962,10421936,Asia,62.192,1074.47196,2.717560633802826
1431,Sri Lanka,1967,11737396,Asia,64.266,1135.514326,4.791560633802831
1432,Sri Lanka,1972,13016733,Asia,65.042,1213.39553,5.567560633802827
1433,Sri Lanka,1977,14116836,Asia,65.949,1348.775651,6.474560633802824
1434,Sri Lanka,1982,15410151,Asia,68.757,1648.079789,9.28256063380283
1435,Sri Lanka,1987,16495304,Asia,69.011,1876.766827,9.536560633802821
1436,Sri Lanka,1992,17587060,Asia,70.379,2153.739222,10.90456063380283
1437,Sri Lanka,1997,18698655,Asia,70.457,2664.477257,10.98256063380282
1438,Sri Lanka,2002,19576783,Asia,70.815,3015.378833,11.340560633802824
1439,Sri Lanka,2007,20378239,Asia,72.396,3970.095407,12.921560633802827
1440,Sudan,1952,8504667,Africa,38.635,1615.991129,-20.839439366197176
1441,Sudan,1957,9753392,Africa,39.624,1770.337074,-19.850439366197172
1442,Sudan,1962,11183227,Africa,40.87,1959.593767,-18.604439366197177
1443,Sudan,1967,12716129,Africa,42.858,1687.997641,-16.616439366197177
1444,Sudan,1972,14597019,Africa,45.083,1659.652775,-14.391439366197176
1445,Sudan,1977,17104986,Africa,47.8,2202.988423,-11.674439366197177
1446,Sudan,1982,20367053,Africa,50.338,1895.544073,-9.136439366197173
1447,Sudan,1987,24725960,Africa,51.744,1507.819159,-7.730439366197174
1448,Sudan,1992,28227588,Africa,53.556,1492.197043,-5.918439366197177
1449,Sudan,1997,32160729,Africa,55.373,1632.210764,-4.101439366197177
1450,Sudan,2002,37090298,Africa,56.369,1993.398314,-3.1054393661971744
1451,Sudan,2007,42292929,Africa,58.556,2602.394995,-0.9184393661971768
1452,Swaziland,1952,290243,Africa,41.407,1148.376626,-18.067439366197178
1453,Swaziland,1957,326741,Africa,43.424,1244.708364,-16.050439366197175
1454,Swaziland,1962,370006,Africa,44.992,1856.182125,-14.482439366197177
1455,Swaziland,1967,420690,Africa,46.633,2613.101665,-12.841439366197172
1456,Swaziland,1972,480105,Africa,49.552,3364.836625,-9.922439366197175
1457,Swaziland,1977,551425,Africa,52.537,3781.410618,-6.937439366197175
1458,Swaziland,1982,649901,Africa,55.561,3895.384018,-3.9134393661971743
1459,Swaziland,1987,779348,Africa,57.678,3984.839812,-1.796439366197177
1460,Swaziland,1992,962344,Africa,58.474,3553.0224,-1.0004393661971775
1461,Swaziland,1997,1054486,Africa,54.289,3876.76846,-5.185439366197173
1462,Swaziland,2002,1130269,Africa,43.869,4128.116943,-15.605439366197174
1463,Swaziland,2007,1133066,Africa,39.613,4513.480643,-19.861439366197175
1464,Sweden,1952,7124673,Europe,71.86,8527.844662,12.385560633802825
1465,Sweden,1957,7363802,Europe,72.49,9911.878226,13.01556063380282
1466,Sweden,1962,7561588,Europe,73.37,12329.44192,13.89556063380283
1467,Sweden,1967,7867931,Europe,74.16,15258.29697,14.685560633802822
1468,Sweden,1972,8122293,Europe,74.72,17832.02464,15.245560633802825
1469,Sweden,1977,8251648,Europe,75.44,18855.72521,15.965560633802824
1470,Sweden,1982,8325260,Europe,76.42,20667.38125,16.945560633802828
1471,Sweden,1987,8421403,Europe,77.19,23586.92927,17.715560633802824
1472,Sweden,1992,8718867,Europe,78.16,23880.01683,18.685560633802822
1473,Sweden,1997,8897619,Europe,79.39,25266.59499,19.915560633802826
1474,Sweden,2002,8954175,Europe,80.04,29341.63093,20.565560633802832
1475,Sweden,2007,9031088,Europe,80.884,33859.74835,21.409560633802826
1476,Switzerland,1952,4815000,Europe,69.62,14734.23275,10.14556063380283
1477,Switzerland,1957,5126000,Europe,70.56,17909.48973,11.085560633802828
1478,Switzerland,1962,5666000,Europe,71.32,20431.0927,11.845560633802819
1479,Switzerland,1967,6063000,Europe,72.77,22966.14432,13.295560633802822
1480,Switzerland,1972,6401400,Europe,73.78,27195.11304,14.305560633802827
1481,Switzerland,1977,6316424,Europe,75.39,26982.29052,15.915560633802826
1482,Switzerland,1982,6468126,Europe,76.21,28397.71512,16.73556063380282
1483,Switzerland,1987,6649942,Europe,77.41,30281.70459,17.935560633802822
1484,Switzerland,1992,6995447,Europe,78.03,31871.5303,18.555560633802827
1485,Switzerland,1997,7193761,Europe,79.37,32135.32301,19.89556063380283
1486,Switzerland,2002,7361757,Europe,80.62,34480.95771,21.14556063380283
1487,Switzerland,2007,7554661,Europe,81.701,37506.41907,22.22656063380282
1488,Syria,1952,3661549,Asia,45.883,1643.485354,-13.591439366197172
1489,Syria,1957,4149908,Asia,48.284,2117.234893,-11.190439366197175
1490,Syria,1962,4834621,Asia,50.305,2193.037133,-9.169439366197174
1491,Syria,1967,5680812,Asia,53.655,1881.923632,-5.819439366197173
1492,Syria,1972,6701172,Asia,57.296,2571.423014,-2.178439366197175
1493,Syria,1977,7932503,Asia,61.195,3195.484582,1.720560633802826
1494,Syria,1982,9410494,Asia,64.59,3761.837715,5.115560633802829
1495,Syria,1987,11242847,Asia,66.974,3116.774285,7.49956063380283
1496,Syria,1992,13219062,Asia,69.249,3340.542768,9.774560633802821
1497,Syria,1997,15081016,Asia,71.527,4014.238972,12.052560633802827
1498,Syria,2002,17155814,Asia,73.053,4090.925331,13.578560633802823
1499,Syria,2007,19314747,Asia,74.143,4184.548089,14.668560633802826
1500,Taiwan,1952,8550362,Asia,58.5,1206.947913,-0.9744393661971742
1501,Taiwan,1957,10164215,Asia,62.4,1507.86129,2.9255606338028244
1502,Taiwan,1962,11918938,Asia,65.2,1822.879028,5.725560633802829
1503,Taiwan,1967,13648692,Asia,67.5,2643.858681,8.025560633802826
1504,Taiwan,1972,15226039,Asia,69.39,4062.523897,9.915560633802826
1505,Taiwan,1977,16785196,Asia,70.59,5596.519826,11.11556063380283
1506,Taiwan,1982,18501390,Asia,72.16,7426.354774,12.685560633802822
1507,Taiwan,1987,19757799,Asia,73.4,11054.56175,13.925560633802831
1508,Taiwan,1992,20686918,Asia,74.26,15215.6579,14.785560633802831
1509,Taiwan,1997,21628605,Asia,75.25,20206.82098,15.775560633802826
1510,Taiwan,2002,22454239,Asia,76.99,23235.42329,17.51556063380282
1511,Taiwan,2007,23174294,Asia,78.4,28718.27684,18.92556063380283
1512,Tanzania,1952,8322925,Africa,41.215,716.6500721,-18.25943936619717
1513,Tanzania,1957,9452826,Africa,42.974,698.5356073,-16.500439366197178
1514,Tanzania,1962,10863958,Africa,44.246,722.0038073,-15.228439366197172
1515,Tanzania,1967,12607312,Africa,45.757,848.2186575,-13.717439366197176
1516,Tanzania,1972,14706593,Africa,47.62,915.9850592,-11.854439366197177
1517,Tanzania,1977,17129565,Africa,49.919,962.4922932,-9.555439366197177
1518,Tanzania,1982,19844382,Africa,50.608,874.2426069,-8.866439366197177
1519,Tanzania,1987,23040630,Africa,51.535,831.8220794,-7.939439366197178
1520,Tanzania,1992,26605473,Africa,50.44,825.682454,-9.034439366197176
1521,Tanzania,1997,30686889,Africa,48.466,789.1862231,-11.008439366197173
1522,Tanzania,2002,34593779,Africa,49.651,899.0742111,-9.82343936619717
1523,Tanzania,2007,38139640,Africa,52.517,1107.482182,-6.957439366197171
1524,Thailand,1952,21289402,Asia,50.848,757.7974177,-8.626439366197175
1525,Thailand,1957,25041917,Asia,53.63,793.5774148,-5.844439366197172
1526,Thailand,1962,29263397,Asia,56.061,1002.199172,-3.4134393661971743
1527,Thailand,1967,34024249,Asia,58.285,1295.46066,-1.1894393661971776
1528,Thailand,1972,39276153,Asia,60.405,1524.358936,0.9305606338028269
1529,Thailand,1977,44148285,Asia,62.494,1961.224635,3.0195606338028256
1530,Thailand,1982,48827160,Asia,64.597,2393.219781,5.12256063380282
1531,Thailand,1987,52910342,Asia,66.084,2982.653773,6.609560633802829
1532,Thailand,1992,56667095,Asia,67.298,4616.896545,7.823560633802828
1533,Thailand,1997,60216677,Asia,67.521,5852.625497,8.046560633802827
1534,Thailand,2002,62806748,Asia,68.564,5913.187529,9.089560633802819
1535,Thailand,2007,65068149,Asia,70.616,7458.396327,11.141560633802825
1536,Togo,1952,1219113,Africa,38.596,859.8086567,-20.878439366197178
1537,Togo,1957,1357445,Africa,41.208,925.9083202,-18.266439366197176
1538,Togo,1962,1528098,Africa,43.922,1067.53481,-15.552439366197177
1539,Togo,1967,1735550,Africa,46.769,1477.59676,-12.705439366197176
1540,Togo,1972,2056351,Africa,49.759,1649.660188,-9.715439366197174
1541,Togo,1977,2308582,Africa,52.887,1532.776998,-6.587439366197174
1542,Togo,1982,2644765,Africa,55.471,1344.577953,-4.003439366197178
1543,Togo,1987,3154264,Africa,56.941,1202.201361,-2.5334393661971717
1544,Togo,1992,3747553,Africa,58.061,1034.298904,-1.4134393661971743
1545,Togo,1997,4320890,Africa,58.39,982.2869243,-1.0844393661971736
1546,Togo,2002,4977378,Africa,57.561,886.2205765,-1.9134393661971743
1547,Togo,2007,5701579,Africa,58.42,882.9699438,-1.0544393661971725
1548,Trinidad and Tobago,1952,662850,Americas,59.1,3023.271928,-0.3744393661971728
1549,Trinidad and Tobago,1957,764900,Americas,61.8,4100.3934,2.325560633802823
1550,Trinidad and Tobago,1962,887498,Americas,64.9,4997.523971,5.4255606338028315
1551,Trinidad and Tobago,1967,960155,Americas,65.4,5621.368472,5.9255606338028315
1552,Trinidad and Tobago,1972,975199,Americas,65.9,6619.551419,6.4255606338028315
1553,Trinidad and Tobago,1977,1039009,Americas,68.3,7899.554209,8.825560633802823
1554,Trinidad and Tobago,1982,1116479,Americas,68.832,9119.528607,9.35756063380282
1555,Trinidad and Tobago,1987,1191336,Americas,69.582,7388.597823,10.10756063380282
1556,Trinidad and Tobago,1992,1183669,Americas,69.862,7370.990932,10.38756063380282
1557,Trinidad and Tobago,1997,1138101,Americas,69.465,8792.573126,9.99056063380283
1558,Trinidad and Tobago,2002,1101832,Americas,68.976,11460.60023,9.501560633802825
1559,Trinidad and Tobago,2007,1056608,Americas,69.819,18008.50924,10.344560633802828
1560,Tunisia,1952,3647735,Africa,44.6,1468.475631,-14.874439366197173
1561,Tunisia,1957,3950849,Africa,47.1,1395.232468,-12.374439366197173
1562,Tunisia,1962,4286552,Africa,49.579,1660.30321,-9.895439366197174
1563,Tunisia,1967,4786986,Africa,52.053,1932.360167,-7.421439366197177
1564,Tunisia,1972,5303507,Africa,55.602,2753.285994,-3.8724393661971774
1565,Tunisia,1977,6005061,Africa,59.837,3120.876811,0.3625606338028291
1566,Tunisia,1982,6734098,Africa,64.048,3560.233174,4.573560633802828
1567,Tunisia,1987,7724976,Africa,66.894,3810.419296,7.419560633802831
1568,Tunisia,1992,8523077,Africa,70.001,4332.720164,10.52656063380283
1569,Tunisia,1997,9231669,Africa,71.973,4876.798614,12.498560633802825
1570,Tunisia,2002,9770575,Africa,73.042,5722.895655,13.567560633802827
1571,Tunisia,2007,10276158,Africa,73.923,7092.923025,14.448560633802828
1572,Turkey,1952,22235677,Europe,43.585,1969.10098,-15.889439366197173
1573,Turkey,1957,25670939,Europe,48.079,2218.754257,-11.395439366197174
1574,Turkey,1962,29788695,Europe,52.098,2322.869908,-7.376439366197175
1575,Turkey,1967,33411317,Europe,54.336,2826.356387,-5.138439366197176
1576,Turkey,1972,37492953,Europe,57.005,3450.69638,-2.4694393661971716
1577,Turkey,1977,42404033,Europe,59.507,4269.122326,0.0325606338028237
1578,Turkey,1982,47328791,Europe,61.036,4241.356344,1.5615606338028272
1579,Turkey,1987,52881328,Europe,63.108,5089.043686,3.633560633802823
1580,Turkey,1992,58179144,Europe,66.146,5678.348271,6.671560633802827
1581,Turkey,1997,63047647,Europe,68.835,6601.429915,9.36056063380282
1582,Turkey,2002,67308928,Europe,70.845,6508.085718,11.370560633802825
1583,Turkey,2007,71158647,Europe,71.777,8458.276384,12.302560633802827
1584,Uganda,1952,5824797,Africa,39.978,734.753484,-19.496439366197173
1585,Uganda,1957,6675501,Africa,42.571,774.3710692,-16.903439366197176
1586,Uganda,1962,7688797,Africa,45.344,767.2717398,-14.130439366197173
1587,Uganda,1967,8900294,Africa,48.051,908.9185217,-11.423439366197172
1588,Uganda,1972,10190285,Africa,51.016,950.735869,-8.458439366197176
1589,Uganda,1977,11457758,Africa,50.35,843.7331372,-9.124439366197173
1590,Uganda,1982,12939400,Africa,49.849,682.2662268,-9.625439366197178
1591,Uganda,1987,15283050,Africa,51.509,617.7244065,-7.965439366197174
1592,Uganda,1992,18252190,Africa,48.825,644.1707969,-10.649439366197171
1593,Uganda,1997,21210254,Africa,44.578,816.559081,-14.896439366197171
1594,Uganda,2002,24739869,Africa,47.813,927.7210018,-11.661439366197172
1595,Uganda,2007,29170398,Africa,51.542,1056.380121,-7.932439366197173
1596,United Kingdom,1952,50430000,Europe,69.18,9979.508487,9.705560633802833
1597,United Kingdom,1957,51430000,Europe,70.42,11283.17795,10.945560633802828
1598,United Kingdom,1962,53292000,Europe,70.76,12477.17707,11.285560633802831
1599,United Kingdom,1967,54959000,Europe,71.36,14142.85089,11.885560633802825
1600,United Kingdom,1972,56079000,Europe,72.01,15895.11641,12.535560633802831
1601,United Kingdom,1977,56179000,Europe,72.76,17428.74846,13.285560633802831
1602,United Kingdom,1982,56339704,Europe,74.04,18232.42452,14.565560633802832
1603,United Kingdom,1987,56981620,Europe,75.007,21664.78767,15.53256063380283
1604,United Kingdom,1992,57866349,Europe,76.42,22705.09254,16.945560633802828
1605,United Kingdom,1997,58808266,Europe,77.218,26074.53136,17.74356063380283
1606,United Kingdom,2002,59912431,Europe,78.471,29478.99919,18.99656063380283
1607,United Kingdom,2007,60776238,Europe,79.425,33203.26128,19.950560633802823
1608,United States,1952,157553000,Americas,68.44,13990.48208,8.965560633802824
1609,United States,1957,171984000,Americas,69.49,14847.12712,10.01556063380282
1610,United States,1962,186538000,Americas,70.21,16173.14586,10.73556063380282
1611,United States,1967,198712000,Americas,70.76,19530.36557,11.285560633802831
1612,United States,1972,209896000,Americas,71.34,21806.03594,11.86556063380283
1613,United States,1977,220239000,Americas,73.38,24072.63213,13.905560633802821
1614,United States,1982,232187835,Americas,74.65,25009.55914,15.175560633802831
1615,United States,1987,242803533,Americas,75.02,29884.35041,15.545560633802822
1616,United States,1992,256894189,Americas,76.09,32003.93224,16.61556063380283
1617,United States,1997,272911760,Americas,76.81,35767.43303,17.335560633802828
1618,United States,2002,287675526,Americas,77.31,39097.09955,17.835560633802828
1619,United States,2007,301139947,Americas,78.242,42951.65309,18.76756063380283
1620,Uruguay,1952,2252965,Americas,66.071,5716.766744,6.596560633802824
1621,Uruguay,1957,2424959,Americas,67.044,6150.772969,7.569560633802823
1622,Uruguay,1962,2598466,Americas,68.253,5603.357717,8.778560633802826
1623,Uruguay,1967,2748579,Americas,68.468,5444.61962,8.99356063380283
1624,Uruguay,1972,2829526,Americas,68.673,5703.408898,9.198560633802828
1625,Uruguay,1977,2873520,Americas,69.481,6504.339663,10.00656063380282
1626,Uruguay,1982,2953997,Americas,70.805,6920.223051,11.330560633802833
1627,Uruguay,1987,3045153,Americas,71.918,7452.398969,12.443560633802832
1628,Uruguay,1992,3149262,Americas,72.752,8137.004775,13.277560633802821
1629,Uruguay,1997,3262838,Americas,74.223,9230.240708,14.748560633802825
1630,Uruguay,2002,3363085,Americas,75.307,7727.002004,15.832560633802828
1631,Uruguay,2007,3447496,Americas,76.384,10611.46299,16.909560633802826
1632,Venezuela,1952,5439568,Americas,55.088,7689.799761,-4.386439366197173
1633,Venezuela,1957,6702668,Americas,57.907,9802.466526,-1.5674393661971777
1634,Venezuela,1962,8143375,Americas,60.77,8422.974165,1.295560633802829
1635,Venezuela,1967,9709552,Americas,63.479,9541.474188,4.004560633802825
1636,Venezuela,1972,11515649,Americas,65.712,10505.25966,6.237560633802829
1637,Venezuela,1977,13503563,Americas,67.456,13143.95095,7.981560633802829
1638,Venezuela,1982,15620766,Americas,68.557,11152.41011,9.082560633802828
1639,Venezuela,1987,17910182,Americas,70.19,9883.584648,10.715560633802824
1640,Venezuela,1992,20265563,Americas,71.15,10733.92631,11.675560633802831
1641,Venezuela,1997,22374398,Americas,72.146,10165.49518,12.671560633802827
1642,Venezuela,2002,24287670,Americas,72.766,8605.047831,13.291560633802831
1643,Venezuela,2007,26084662,Americas,73.747,11415.80569,14.272560633802826
1644,Vietnam,1952,26246839,Asia,40.412,605.0664917,-19.062439366197175
1645,Vietnam,1957,28998543,Asia,42.887,676.2854478,-16.587439366197174
1646,Vietnam,1962,33796140,Asia,45.363,772.0491602,-14.111439366197175
1647,Vietnam,1967,39463910,Asia,47.838,637.1232887,-11.636439366197173
1648,Vietnam,1972,44655014,Asia,50.254,699.5016441,-9.220439366197176
1649,Vietnam,1977,50533506,Asia,55.764,713.5371196,-3.7104393661971713
1650,Vietnam,1982,56142181,Asia,58.816,707.2357863,-0.6584393661971717
1651,Vietnam,1987,62826491,Asia,62.82,820.7994449,3.345560633802826
1652,Vietnam,1992,69940728,Asia,67.662,989.0231487,8.187560633802832
1653,Vietnam,1997,76048996,Asia,70.672,1385.896769,11.197560633802823
1654,Vietnam,2002,80908147,Asia,73.017,1764.456677,13.542560633802822
1655,Vietnam,2007,85262356,Asia,74.249,2441.576404,14.774560633802821
1656,West Bank and Gaza,1952,1030585,Asia,43.16,1515.592329,-16.314439366197178
1657,West Bank and Gaza,1957,1070439,Asia,45.671,1827.067742,-13.803439366197175
1658,West Bank and Gaza,1962,1133134,Asia,48.127,2198.956312,-11.347439366197172
1659,West Bank and Gaza,1967,1142636,Asia,51.631,2649.715007,-7.843439366197174
1660,West Bank and Gaza,1972,1089572,Asia,56.532,3133.409277,-2.9424393661971777
1661,West Bank and Gaza,1977,1261091,Asia,60.765,3682.831494,1.2905606338028264
1662,West Bank and Gaza,1982,1425876,Asia,64.406,4336.032082,4.931560633802832
1663,West Bank and Gaza,1987,1691210,Asia,67.046,5107.197384,7.571560633802832
1664,West Bank and Gaza,1992,2104779,Asia,69.718,6017.654756,10.24356063380283
1665,West Bank and Gaza,1997,2826046,Asia,71.096,7110.667619,11.62156063380283
1666,West Bank and Gaza,2002,3389578,Asia,72.37,4515.487575,12.89556063380283
1667,West Bank and Gaza,2007,4018332,Asia,73.422,3025.349798,13.947560633802823
1668,"Yemen, Rep.",1952,4963829,Asia,32.548,781.7175761,-26.926439366197172
1669,"Yemen, Rep.",1957,5498090,Asia,33.97,804.8304547,-25.504439366197175
1670,"Yemen, Rep.",1962,6120081,Asia,35.18,825.6232006,-24.294439366197174
1671,"Yemen, Rep.",1967,6740785,Asia,36.984,862.4421463,-22.490439366197172
1672,"Yemen, Rep.",1972,7407075,Asia,39.848,1265.047031,-19.626439366197175
1673,"Yemen, Rep.",1977,8403990,Asia,44.175,1829.765177,-15.299439366197177
1674,"Yemen, Rep.",1982,9657618,Asia,49.113,1977.55701,-10.361439366197175
1675,"Yemen, Rep.",1987,11219340,Asia,52.922,1971.741538,-6.552439366197177
1676,"Yemen, Rep.",1992,13367997,Asia,55.599,1879.496673,-3.8754393661971775
1677,"Yemen, Rep.",1997,15826497,Asia,58.02,2117.484526,-1.454439366197171
1678,"Yemen, Rep.",2002,18701257,Asia,60.308,2234.820827,0.8335606338028256
1679,"Yemen, Rep.",2007,22211743,Asia,62.698,2280.769906,3.223560633802826
1680,Zambia,1952,2672000,Africa,42.038,1147.388831,-17.436439366197177
1681,Zambia,1957,3016000,Africa,44.077,1311.956766,-15.397439366197176
1682,Zambia,1962,3421000,Africa,46.023,1452.725766,-13.451439366197171
1683,Zambia,1967,3900000,Africa,47.768,1777.077318,-11.706439366197174
1684,Zambia,1972,4506497,Africa,50.107,1773.498265,-9.367439366197175
1685,Zambia,1977,5216550,Africa,51.386,1588.688299,-8.088439366197171
1686,Zambia,1982,6100407,Africa,51.821,1408.678565,-7.653439366197176
1687,Zambia,1987,7272406,Africa,50.821,1213.315116,-8.653439366197176
1688,Zambia,1992,8381163,Africa,46.1,1210.884633,-13.374439366197173
1689,Zambia,1997,9417789,Africa,40.238,1071.353818,-19.236439366197175
1690,Zambia,2002,10595811,Africa,39.193,1071.613938,-20.281439366197176
1691,Zambia,2007,11746035,Africa,42.384,1271.211593,-17.090439366197174
1692,Zimbabwe,1952,3080907,Africa,48.451,406.8841148,-11.023439366197174
1693,Zimbabwe,1957,3646340,Africa,50.469,518.7642681,-9.005439366197173
1694,Zimbabwe,1962,4277736,Africa,52.358,527.2721818,-7.116439366197177
1695,Zimbabwe,1967,4995432,Africa,53.995,569.7950712,-5.479439366197177
1696,Zimbabwe,1972,5861135,Africa,55.635,799.3621758,-3.839439366197176
1697,Zimbabwe,1977,6642107,Africa,57.674,685.5876821,-1.8004393661971747
1698,Zimbabwe,1982,7636524,Africa,60.363,788.8550411,0.8885606338028254
1699,Zimbabwe,1987,9216418,Africa,62.351,706.1573059,2.876560633802825
1700,Zimbabwe,1992,10704340,Africa,60.377,693.4207856,0.9025606338028282
1701,Zimbabwe,1997,11404948,Africa,46.809,792.4499603,-12.665439366197177
1702,Zimbabwe,2002,11926563,Africa,39.989,672.0386227,-19.485439366197177
1703,Zimbabwe,2007,12311143,Africa,43.487,469.7092981,-15.987439366197172
